Planet Name,Discovery Year,Type
HD 100546 b,2014,P
GQ Lup b,2004,P
DH Tau b,2004,P
CT Cha b,2007,P
HAT-P-67 b,2017,P
HAT-P-41 b,2012,P
KOI-4978 b,2020,P
HAT-P-32 b,2011,P
BD-14 3065 b,2024,P
NGTS-14 A b,2017,P
NGTS-27 b,2017,P
HAT-P-70 b,2019,P
CFHTWIR-Oph 98 b,2021,P
HATS-23 b,2017,P
HAT-P-33 b,2011,P
GSC 06214-00210 b,2010,P
NGC 2682 YBP 401 b,2017,P
WASP-117 b,2011,P
HATS-26 b,2016,P
NGTS-1 b,2016,P
NGTS-16 b,2017,P
HAT-P-57 b,2015,P
NGTS-10 b,2016,P
HAT-P-64 b,2021,P
NGTS-21 b,2016,P
HATS-56 b,2019,P
HATS-67 b,2018,P
CoRoT-35 b,2022,P
HATS-64 b,2018,P
HAT-P-69 b,2019,P
1RXS J160929.1-210524 b,2008,P
Kepler-726 b,2018,P
HATS-31 b,2016,P
HAT-P-60 b,2021,P
NGTS-26 b,2015,P
HAT-P-65 b,2016,P
HATS-11 b,2016,P
LHS 3154 b,2016,P
NGTS-25 b,2015,P
HAT-P-49 b,2014,P
HAT-P-66 b,2016,P
NGTS-17 b,2018,P
HATS-40 b,2018,P
HAT-P-39 b,2012,P
HATS-39 b,2018,P
NGTS-13 b,2017,P
NGTS-20 b,2013,P
K2-226 b,2019,P
NGTS-12 b,2016,P
HAT-P-40 b,2012,P
OGLE-2019-BLG-0679L b,2011,P
HAT-P-56 b,2015,P
HAT-P-7 b,2008,P
HATS-65 b,2018,P
HATS-27 b,2016,P
KOI-7368 b,2017,P
CoRoT-1 b,2008,P
HAT-P-6 b,2007,P
GPX-1 b,2021,P
CoRoT-2 b,2008,P
HATS-35 b,2016,P
CoRoT-31 b,2020,P
K2-239 d,2022,P
2MASS J02192210-3925225 b,2015,P
HAT-P-30 b,2011,P
K2-341 b,2019,P
CoRoT-12 b,2010,P
Kepler-696 b,2018,P
CoRoT-11 b,2010,P
HATS-34 b,2016,P
HAT-P-45 b,2014,P
Kepler-563 b,2017,P
HAT-P-14 b,2010,P
NGTS-11 b,2017,P
HATS-66 b,2018,P
CoRoT-36 b,2022,P
HATS-51 b,2017,P
HAT-P-8 b,2008,P
HATS-42 b,2018,P
NGC 2682 YBP 1194 b,2016,P
HATS-24 b,2017,P
HAT-P-9 b,2008,P
K2-251 b,1999,P
CoRoT-5 b,2009,P
HATS-70 b,2019,P
HATS-52 b,2017,P
HATS-3 b,2013,P
HAT-P-23 b,2010,P
NGC 2682 YBP 1514 b,2017,P
NGTS-15 b,2012,P
HATS-53 b,2017,P
HAT-P-35 b,2011,P
HAT-P-58 b,2021,P
HATS-41 b,2018,P
HATS-18 b,2016,P
HAT-P-55 b,2015,P
NGTS-18 b,2019,P
Gaia-2 b,2022,P
HAT-P-1 b,2006,P
HAT-P-53 b,2015,P
BD+60 1417 b,2021,P
CoRoT-18 b,2011,P
HATS-1 b,2012,P
CoRoT-21 b,2012,P
HAT-P-24 b,2010,P
HATS-16 b,2016,P
Kepler-584 b,2017,P
Kepler-697 b,2018,P
NGTS-23 b,2014,P
CoRoT-19 b,2011,P
K2-227 b,2006,P
HAT-P-16 b,2010,P
HAT-P-50 b,2015,P
HATS-45 b,2018,P
HAT-P-46 b,2014,P
HAT-P-42 b,2012,P
HAT-P-36 b,2011,P
51 Peg b,1995,P
DMPP-2 b,2019,P
GJ 3512 b,2019,P
HD 10975 b,2021,P
HIP 54373 b,2016,P
HIP 91258 b,2014,P
K2-155 b,2010,P
K2-192 b,2022,P
K2-252 b,2019,P
K2-340 b,2005,P
K2-36 c,2014,P
K2-370 b,2004,P
K2-416 b,2008,P
KMT-2017-BLG-2509L b,2009,P
KMT-2021-BLG-1391L b,2005,P
KOI-55 b,2016,P
OGLE-2017-BLG-1275L b,2022,P
HAT-P-4 b,2007,P
HAT-P-13 b,2009,P
47 UMa c,2001,P
HD 102195 b,2006,P
K2-189 c,2008,P
K2-197 b,1998,P
K2-211 b,1999,P
K2-243 b,2012,P
K2-248 b,2004,P
K2-258 b,2005,P
K2-277 b,2022,P
K2-408 b,2010,P
K2-415 b,2008,P
K2-75 c,2009,P
K2-80 b,2003,P
KELT-7 b,1999,P
KMT-2019-BLG-1806L b,2023,P
KOI-351 g,2011,P
KOI-351 h,2011,P
KOI-3680 b,2021,P
NN Ser c,2021,P
OGLE-2018-BLG-1011L c,2024,P
GU Psc b,2014,P
HATS-25 b,2016,P
CoRoT-26 b,2013,P
BD-10 3166 b,2000,P
BD-11 4672 b,2014,P
Gaia22dkvL b,2024,P
HD 103720 b,2014,P
HD 105779 b,2022,P
HD 99706 c,2005,P
HIP 9618 b,2014,P
K2-15 b,2021,P
K2-170 c,2007,P
K2-177 b,2007,P
K2-189 b,2008,P
K2-270 c,2003,P
K2-343 c,2005,P
K2-365 b,2010,P
K2-384 d,2002,P
K2-388 b,2000,P
K2-412 b,2010,P
KIC 5437945 b,2021,P
KMT-2017-BLG-0165L b,2002,P
KMT-2023-BLG-1431L b,2009,P
OGLE-2016-BLG-1800L b,2020,P
OGLE-2018-BLG-1700L b,2024,P
Pr0211 c,2022,P
HATS-29 b,2016,P
HATS-55 b,2019,P
K2-239 c,2021,P
BD+55 362 b,2021,P
BD-210397 b,2023,P
GJ 876 c,2000,P
HATS-32 b,2016,P
HD 96992 b,2008,P
HIP 114933 b,2021,P
K2-128 b,2021,P
K2-133 e,2009,P
K2-146 b,2012,P
K2-19 b,2009,P
K2-243 c,2012,P
K2-255 b,2018,P
K2-285 b,2021,P
K2-30 b,2006,P
K2-382 b,2021,P
K2-384 c,2002,P
K2-384 e,2005,P
K2-387 b,2010,P
KELT-6 c,2023,P
KMT-2017-BLG-0673L b,2010,P
KMT-2019-BLG-1552L b,2009,P
KMT-2021-BLG-0712L b,2009,P
Kepler-1002 b,2021,P
OGLE-2011-BLG-0173L b,2021,P
OGLE-2012-BLG-0406L b,2019,P
OGLE-2018-BLG-0799L b,2022,P
OGLE-2019-BLG-0960L b,2013,P
HAT-P-44 b,2014,P
24 Boo b,2018,P
24 Sex c,2010,P
55 Cnc b,1996,P
7 CMa c,2019,P
75 Cet c,2023,P
BD+48 738 b,2011,P
GJ 849 b,2006,P
HD 109246 b,2010,P
HD 95127 b,2022,P
HD 96127 b,2002,P
HIP 41378 b,2016,P
HIP 65 A b,2009,P
HIP 67851 b,2021,P
HIP 78530 b,2013,P
K2-10 b,2009,P
K2-13 b,2007,P
K2-153 b,2010,P
K2-163 b,2022,P
K2-179 b,2017,P
K2-183 d,2000,P
K2-196 b,2006,P
K2-219 d,2012,P
K2-233 d,2022,P
K2-332 b,2010,P
K2-355 b,2013,P
K2-373 b,2018,P
K2-379 b,2009,P
K2-404 b,2001,P
KMT-2024-BLG-1044L b,2021,P
KOI-55 c,2016,P
OGLE-2018-BLG-0298L b,2023,P
OGLE-2018-BLG-0977L b,2023,P
HATS-9 b,2015,P
HATS-68 b,2018,P
BD+14 4559 b,2009,P
BD+15 2375 b,2016,P
GJ 179 b,2009,P
GJ 832 b,2008,P
GJ 849 c,2014,P
HD 102956 b,2010,P
HD 10647 b,2006,P
HD 108874 c,2005,P
HD 95544 b,2010,P
K2-129 b,2007,P
K2-146 c,2015,P
K2-194 b,2006,P
K2-270 b,2015,P
K2-285 c,2012,P
K2-351 b,2013,P
K2-60 b,2014,P
K2-69 b,2008,P
KELT-9 b,2014,P
KMT-2018-BLG-1743L b,2004,P
KMT-2021-BLG-1547L b,2021,P
OGLE-2007-BLG-368L b,2024,P
OGLE-2018-BLG-0932L b,2023,P
OGLE-2019-BLG-0249L b,2024,P
HATS-33 b,2016,P
OGLE-2019-BLG-0468L b,2015,P
Gaia-1 b,2022,P
Kepler-790 b,2016,P
BD+15 2940 b,2013,P
HD 100777 b,2007,P
HD 96063 b,2003,P
HD 96167 b,2001,P
HD 98736 b,2018,P
HIP 41378 d,1999,P
HIP 948 b,2014,P
HR 2562 b,2016,P
HU Aqr AB c,2003,P
IC 4651 9122 b,2018,P
K2-100 b,2018,P
K2-123 b,2006,P
K2-140 b,2013,P
K2-223 c,2010,P
K2-25 b,2008,P
K2-250 b,2017,P
K2-268 e,2002,P
K2-289 b,2012,P
K2-317 b,2007,P
K2-372 b,2011,P
K2-58 d,2000,P
K2-62 c,2012,P
KELT-20 b,2008,P
KMT-2019-BLG-0297L b,2016,P
KMT-2019-BLG-1953L b,2018,P
KMT-2019-BLG-2974L b,2009,P
KMT-2021-BLG-0320L b,2011,P
KMT-2021-BLG-1077L b,2021,P
KMT-2021-BLG-1770L b,2011,P
Kepler-1004 b,2013,P
Kepler-660 b,2023,P
OGLE-2014-BLG-1722L b,2021,P
OGLE-2014-BLG-1722L c,2022,P
OGLE-2016-BLG-1093L b,2020,P
OGLE-2017-BLG-0173L b,2023,P
OGLE-2017-BLG-1375L b,2023,P
HAT-P-43 b,2012,P
8 UMi b,2015,P
BD+45 564 b,2021,P
HD 10442 b,2014,P
HD 108874 b,2002,P
HD 98649 b,2011,P
HIP 109384 b,2003,P
HIP 5158 b,2011,P
HIP 5158 c,2016,P
HIP 94235 b,2014,P
K2-102 b,2009,P
K2-105 b,2005,P
K2-161 b,2007,P
K2-195 b,2023,P
K2-198 d,2004,P
K2-220 b,2003,P
K2-237 b,2008,P
K2-242 b,2006,P
K2-253 b,1998,P
K2-254 b,2007,P
K2-273 b,1998,P
K2-29 b,2011,P
K2-36 b,2009,P
K2-371 b,2021,P
K2-381 c,2017,P
K2-80 c,2003,P
KIC 8540376 b,2011,P
KMT-2017-BLG-0428L b,2022,P
KMT-2017-BLG-1194L b,2006,P
KMT-2023-BLG-0735L b,2006,P
KOI-2513.01,2009,P
Kepler-102 d,2024,P
OGLE-2012-BLG-0950L b,2022,P
OGLE-2017-BLG-1806L b,2023,P
OGLE-2018-BLG-0506L b,2022,P
OGLE-2018-BLG-0567L b,2023,P
HAT-P-28 b,2011,P
HATS-13 b,2015,P
HAT-P-5 b,2007,P
Kepler-597 b,2017,P
HATS-63 b,2018,P
HAT-P-51 b,2015,P
16 Cyg B b,1996,P
47 UMa d,2009,P
BD+48 740 b,2018,P
BD+49 828 b,2015,P
GJ 317 c,2018,P
HD 100655 b,2011,P
HD 102329 c,2018,P
HIP 38594 c,2002,P
HIP 63242 b,1999,P
HN Peg b,2003,P
K2-137 b,2011,P
K2-181 b,1999,P
K2-187 b,2009,P
K2-223 b,2010,P
K2-293 b,2016,P
K2-294 b,2016,P
K2-316 c,2006,P
K2-319 b,2018,P
K2-342 b,2000,P
K2-343 b,2012,P
K2-352 c,2011,P
K2-354 b,2022,P
K2-360 c,2011,P
K2-378 b,2015,P
K2-400 b,2007,P
K2-401 b,2017,P
K2-414 b,2004,P
K2-46 b,2016,P
K2-49 b,2008,P
K2-52 b,2018,P
K2-54 b,2005,P
K2-6 b,2007,P
K2-83 c,2021,P
K2-85 b,2009,P
K2-99 b,2018,P
KELT-17 b,2025,P
KELT-24 b,2003,P
KMT-2016-BLG-1820L b,2007,P
KMT-2016-BLG-2364L b,2003,P
KMT-2021-BLG-2609L b,2016,P
KOI-984 b,2015,P
Kepler-10 c,2021,P
MXB 1658-298 b,2016,P
HAT-P-34 b,2011,P
24 Sex b,2010,P
2MASS J19383260+4603591 b,2015,P
51 Eri b,2015,P
6 Lyn b,2008,P
7 CMa b,2011,P
HD 96700 b,2018,P
HD 99109 b,2004,P
HIP 29442 c,2015,P
HIP 35173 b,2002,P
HIP 41378 e,2011,P
HIP 86221 b,2022,P
HR 8799 b,2015,P
HR 8799 e,2009,P
K2-114 b,2011,P
K2-141 b,2013,P
K2-174 b,2008,P
K2-198 b,2008,P
K2-202 b,2003,P
K2-204 b,2007,P
K2-21 c,2022,P
K2-214 b,2007,P
K2-239 b,2009,P
K2-295 b,2011,P
K2-31 b,2022,P
K2-37 d,2015,P
K2-377 b,2015,P
K2-407 c,2009,P
K2-43 c,2012,P
K2-45 b,2016,P
K2-80 d,2013,P
K2-88 b,2001,P
KMT-2016-BLG-2397L b,2003,P
KMT-2017-BLG-1038L b,2002,P
KMT-2018-BLG-1988L b,2009,P
KMT-2019-BLG-0371L b,2005,P
KMT-2019-BLG-1715L b,2009,P
KMT-2021-BLG-1253L b,2011,P
KMT-2021-BLG-2478L b,2015,P
KMT-2022-BLG-1013L b,2021,P
Kepler-100 d,2009,P
Kepler-1003 b,2021,P
NGTS-4 b,2021,P
NSVS 14256825 b,2021,P
OGLE-2012-BLG-0358L b,2019,P
OGLE-2012-BLG-0724L b,2021,P
OGLE-2013-BLG-0132L b,2022,P
OGLE-2015-BLG-0954L b,2023,P
HATS-61 b,2018,P
HATS-28 b,2016,P
CoRoT-4 b,2008,P
Kepler-76 b,2016,P
75 Cet b,2012,P
GJ 317 b,2007,P
GJ 328 b,2013,P
GJ 876 b,1998,P
GJ 896 A b,2022,P
HAT-P-11 c,2018,P
HD 103774 b,2013,P
HD 108341 b,2014,P
HD 108863 b,2011,P
HIP 34222 b,2000,P
HIP 41378 c,2009,P
HIP 54373 c,2016,P
HIP 65407 b,2023,P
HIP 67537 b,2009,P
ITG 15 b,2016,P
K2-108 b,2022,P
K2-110 b,2012,P
K2-126 b,2004,P
K2-141 c,2006,P
K2-154 b,2010,P
K2-156 b,2005,P
K2-184 b,2018,P
K2-259 b,2009,P
K2-335 b,2020,P
K2-353 b,2009,P
K2-402 b,2001,P
K2-403 b,2014,P
K2-7 b,2008,P
K2-72 c,2006,P
KELT-2 A b,2005,P
KMT-2016-BLG-2321L b,2011,P
KMT-2021-BLG-1105L b,2019,P
KMT-2021-BLG-1372L b,2018,P
KOI-351 c,2023,P
Kepler-10 b,2016,P
OGLE-2006-BLG-284L A b,2019,P
OGLE-2014-BLG-0221L b,2021,P
HATS-43 b,2018,P
HAT-P-37 b,2011,P
47 UMa b,1996,P
HD 103891 b,2022,P
HD 109286 b,2021,P
HD 95338 b,2010,P
HIP 116454 b,2016,P
HIP 14810 d,2007,P
HIP 79431 b,2009,P
HR 858 c,2010,P
K2-11 b,2011,P
K2-113 b,2009,P
K2-121 b,2008,P
K2-127 b,2014,P
K2-16 b,2016,P
K2-162 b,2023,P
K2-17 b,2000,P
K2-172 b,2007,P
K2-187 d,2009,P
K2-219 c,2007,P
K2-274 b,2005,P
K2-316 b,2001,P
K2-37 c,2009,P
K2-384 f,2004,P
K2-397 b,2017,P
K2-398 c,2004,P
K2-411 b,2007,P
K2-55 b,2019,P
K2-8 c,2022,P
KELT-1 b,2002,P
KELT-18 b,2025,P
KIC 10001893 c,2007,P
KMT-2022-BLG-0303L b,2016,P
KMT-2023-BLG-0416L b,2010,P
OGLE-2008-BLG-355L b,2020,P
OGLE-2016-BLG-1227L b,2021,P
HATS-30 b,2016,P
HAT-P-29 b,2011,P
Kepler-102 c,2010,P
CoRoT-16 b,2011,P
14 And b,2008,P
81 Cet b,2008,P
91 Aqr b,2013,P
AF Lep b,2023,P
GJ 3021 b,2000,P
HAT-P-17 c,2010,P
HD 102843 b,2019,P
HD 108202 b,2023,P
HD 94834 b,2023,P
HD 95089 b,2013,P
HIP 41378 f,2018,P
HN Lib b,2011,P
K2-169 b,2023,P
K2-185 b,2018,P
K2-19 c,2004,P
K2-198 c,2011,P
K2-229 b,2022,P
K2-260 b,2021,P
K2-290 b,2016,P
K2-290 c,2007,P
K2-385 b,2012,P
K2-44 b,2012,P
K2-84 b,2015,P
K2-9 b,2022,P
KELT-19 A b,2002,P
KIC 10525077 b,2017,P
KMT-2020-BLG-0414L b,2018,P
Kepler-1014 b,2019,P
OGLE-2005-BLG-390L b,2019,P
CoRoT-6 b,2009,P
HATS-77 b,2021,P
Kepler-82 b,2022,P
2M0437 b,2021,P
42 Dra b,2008,P
55 Cnc d,2002,P
BD+20 274 b,2012,P
CI Tau c,2024,P
GJ 463 b,2022,P
GJ 504 b,2013,P
HAT-P-44 c,2014,P
HIP 39017 b,2005,P
K2-147 b,2015,P
K2-160 b,2012,P
K2-175 b,2022,P
K2-205 b,2009,P
K2-21 b,2022,P
K2-216 b,1998,P
K2-268 d,2009,P
K2-268 f,2002,P
K2-329 b,2006,P
K2-350 b,2010,P
K2-381 d,2016,P
K2-43 b,2008,P
K2-97 b,2003,P
KELT-14 b,2008,P
KMT-2018-BLG-0748L b,2016,P
KMT-2019-BLG-0298L b,2000,P
KMT-2019-BLG-0335L b,2019,P
KMT-2021-BLG-0240L b,2015,P
KMT-2023-BLG-0469L b,2005,P
Kepler-1018 b,2008,P
Kepler-1019 b,2008,P
Kepler-102 b,2008,P
NGTS-24 b,2015,P
OGLE-2008-BLG-092L b,2020,P
OGLE-2012-BLG-0026L b,2022,P
OGLE-2016-BLG-1195L b,2022,P
HATS-60 b,2018,P
HATS-36 b,2018,P
17 Sco b,2020,P
2MASS J12073346-3932539 b,2004,P
BD-210397 c,2023,P
GJ 86 b,1999,P
HD 102272 b,2008,P
HD 9446 b,2017,P
HD 9446 c,2016,P
HD 95086 b,2020,P
HD 96700 d,2007,P
HIP 99770 b,2005,P
HR 5183 b,2008,P
HR 858 d,2021,P
K2-2016-BLG-0005L b,2022,P
K2-217 b,2002,P
K2-231 b,2010,P
K2-346 b,2021,P
K2-352 d,2017,P
K2-398 b,2002,P
K2-61 b,2018,P
K2-84 c,2015,P
KMT-2018-BLG-2602L b,2023,P
KMT-2019-BLG-2783L b,2013,P
KOI-94 b,2023,P
KPS-1 b,2009,P
Kepler-102 f,2011,P
OGLE-2006-BLG-109L c,2018,P
OGLE-2013-BLG-1761L b,2020,P
OGLE-2014-BLG-0676L b,2019,P
OGLE-2015-BLG-1670L b,2022,P
HAT-P-22 b,2010,P
BD-17 63 b,2008,P
GJ 676 A b,2010,P
HD 104985 b,2003,P
HD 10697 b,1999,P
HD 99283 b,2015,P
HIP 48714 b,2007,P
HIP 65426 b,2022,P
HIP 79098 AB b,2013,P
HR 858 b,2008,P
IRAS 04125+2902 b,2016,P
K2-101 b,2018,P
K2-111 c,2022,P
K2-125 b,2008,P
K2-131 b,2022,P
K2-133 b,2022,P
K2-151 b,2009,P
K2-254 c,2021,P
K2-26 b,2001,P
K2-3 b,2024,P
K2-324 b,2018,P
K2-325 b,2009,P
K2-349 b,2001,P
K2-356 b,2022,P
K2-57 b,2002,P
K2-62 b,2016,P
K2-64 b,2022,P
K2-81 b,2012,P
K2-95 b,2007,P
KELT-11 b,2016,P
KELT-15 b,2022,P
KELT-8 b,2023,P
KIC 10001893 b,2018,P
KMT-2016-BLG-0212L b,2021,P
KMT-2016-BLG-1105L b,2022,P
KMT-2018-BLG-1025L b,2009,P
KMT-2021-BLG-0171L b,2021,P
KMT-2021-BLG-1898L b,2018,P
KOI-7913 b,2015,P
Kepler-102 e,2011,P
Kepler-769 c,2023,P
OGLE-2017-BLG-0482L b,2022,P
HATS-57 b,2019,P
HAT-P-25 b,2010,P
NGTS-2 b,2019,P
BD+03 2562 b,2017,P
DP Leo b,2009,P
HD 95735 c,2017,P
HIP 107772 b,2005,P
HIP 107773 b,2013,P
HIP 21152 b,2009,P
HIP 35965 b,2009,P
HIP 97166 c,2001,P
HS Psc b,2009,P
K2-16 c,2015,P
K2-166 b,2022,P
K2-230 b,2002,P
K2-284 b,2015,P
K2-3 d,2016,P
K2-318 b,2013,P
K2-345 b,2017,P
K2-358 b,2016,P
K2-383 b,2023,P
K2-66 b,2016,P
K2-68 b,2020,P
KOI-351 e,2021,P
KOI-984 c,2015,P
Kepler-1015 b,1999,P
Kepler-1020 b,2018,P
OGLE-2006-BLG-109L b,2018,P
OGLE-2017-BLG-1140L b,2021,P
Kepler-719 b,2018,P
HATS-50 b,2017,P
K2-201 b,2005,P
HATS-59 b,2018,P
14 Her b,2002,P
2MASS J04414489+2301513 b,2010,P
4 UMa b,2006,P
70 Vir b,1996,P
HD 102329 b,2011,P
HD 93385 d,2022,P
HD 93963 A b,2003,P
HD 96700 c,2022,P
HD 98219 b,2021,P
HIP 74890 b,2021,P
K2-165 b,1998,P
K2-170 b,2003,P
K2-183 b,2001,P
K2-219 b,2022,P
K2-229 c,2022,P
K2-3 c,1999,P
K2-357 b,2002,P
K2-409 b,2022,P
K2-47 b,2002,P
K2-65 b,2011,P
K2-72 d,2022,P
K2-86 b,2016,P
KELT-4 A b,2011,P
KIC 10001893 d,2024,P
KMT-2016-BLG-1397L b,2005,P
KMT-2018-BLG-1292L b,2022,P
KMT-2018-BLG-1996L b,1999,P
KMT-2021-BLG-1303L b,2012,P
KMT-2021-BLG-2010L b,2014,P
KOI-1257 b,2022,P
KOI-351 d,2022,P
Kepler-1001 c,2016,P
OGLE-2015-BLG-1649L b,2021,P
tau Cet e,2021,P
HAT-P-59 b,2021,P
HATS-2 b,2013,P
HD 99492 c,2005,P
HAT-P-63 b,2021,P
HATS-47 b,2020,P
18 Del b,2008,P
AB Aur b,2022,P
BD-08 2823 c,2009,P
BD-13 2130 b,2007,P
GJ 9714 b,2022,P
HD 106252 b,2002,P
HD 106515 A b,2012,P
HD 97658 b,2022,P
HIP 113103 b,2022,P
HIP 9618 c,2002,P
K2-124 b,2023,P
K2-133 c,2011,P
K2-133 d,2018,P
K2-152 b,2002,P
K2-167 b,2010,P
K2-171 b,2007,P
K2-172 c,2009,P
K2-187 c,2019,P
K2-188 b,2022,P
K2-19 d,2008,P
K2-206 b,2016,P
K2-249 b,2012,P
K2-279 b,2012,P
K2-331 c,2019,P
K2-375 b,2006,P
K2-376 b,2005,P
K2-389 b,2000,P
K2-389 c,2009,P
K2-63 b,2014,P
KELT-3 b,2003,P
KMT-2017-BLG-1146L b,2022,P
KMT-2018-BLG-0030L b,2009,P
KOI-4777.01,2013,P
COCONUTS-2 b,2021,P
EPIC 248847494 b,2018,P
HAT-P-21 b,2010,P
Kepler-1013 b,2016,P
NGC 2682 Sand 978 b,2012,P
OGLE-TR-111 b,2010,P
2MASS J0249-0557 c,2018,P
2MASS J21252752-8138278 b,2024,P
BD+20 2457 c,2009,P
BD+63 1405 b,2021,P
CFBDSIR J145829+101343 b,2011,P
DE CVn b,2018,P
GJ 900 b,2024,P
HAT-P-2 c,2023,P
HD 106270 b,2011,P
HD 106906 b,2013,P
HD 89744 b,2009,P
HD 99706 b,2024,P
HIP 12961 b,2022,P
HIP 4845 b,2005,P
HIP 97233 b,2012,P
K2-136 d,2007,P
K2-168 b,2022,P
K2-215 b,2022,P
K2-322 b,2003,P
K2-39 b,2001,P
K2-83 b,2005,P
KMT-2018-BLG-0885L b,2016,P
KMT-2020-BLG-0414L c,2015,P
NN Ser d,2016,P
HATS-15 b,2016,P
Teegarden's Star c,2014,P
K2-173 b,2007,P
K2-75 b,2005,P
11 UMi b,2009,P
2MASS J01033563-5515561 AB b,2013,P
2MASS J22362452+4751425 b,2016,P
30 Ari B b,2009,P
AB Pic b,2005,P
CHXR 73 b,2006,P
GJ 2030 c,2022,P
GJ 676 A c,2016,P
HAT-P-13 c,2009,P
HATS-59 c,2018,P
HD 97037 b,2022,P
HIP 65891 b,2022,P
K2-107 b,2022,P
K2-138 g,2018,P
K2-155 d,2009,P
K2-176 b,2009,P
K2-218 b,2012,P
K2-275 c,2011,P
K2-312 c,2011,P
K2-330 b,2015,P
K2-48 b,2021,P
K2-89 b,2021,P
KMT-2018-BLG-0247L b,2009,P
KMT-2019-BLG-0842L b,2022,P
KOI-94 e,2017,P
Kepler-100 e,2023,P
HATS-58 A b,2019,P
CoRoT-14 b,2010,P
HAT-P-31 b,2011,P
11 Com b,2007,P
2MASS J03590986+2009361 b,2024,P
CoRoT-20 c,2018,P
FU Tau b,2008,P
HD 93963 A c,2022,P
HD 94771 b,2023,P
HIP 8152 c,2014,P
K2-165 c,2000,P
K2-224 b,2004,P
K2-233 b,2022,P
K2-286 b,2016,P
K2-287 b,2012,P
K2-326 b,2011,P
K2-337 b,2022,P
K2-35 c,2022,P
KELT-12 b,2023,P
KOI-3503 b,2011,P
Kepler-1010 b,2023,P
OGLE-2005-BLG-071L b,2018,P
OGLE-2007-BLG-349L AB c,2018,P
OGLE-2017-BLG-0448L b,2021,P
Kepler-569 b,2017,P
CoRoT-25 b,2013,P
2MASS J11550485-7919108 b,2024,P
BD+20 2457 b,2009,P
HD 109988 b,2022,P
HD 95089 c,2020,P
HIP 81208 C b,2008,P
K2-159 b,2023,P
K2-190 c,2022,P
K2-193 b,2023,P
K2-265 b,2016,P
K2-35 b,2022,P
K2-4 b,2003,P
K2-71 b,2022,P
KELT-10 b,2022,P
KMT-2021-BLG-0322L b,2011,P
KMT-2021-BLG-1077L c,2022,P
Kepler-10 d,2024,P
Kepler-100 c,2019,P
Kepler-1006 b,2022,P
Kepler-101 c,2014,P
Kepler-1022 b,2024,P
NGTS-6 b,2022,P
OGLE-2015-BLG-0051L b,2023,P
OGLE-2015-BLG-0966L b,2023,P
OGLE-2018-BLG-0740L b,2023,P
OGLE-2018-BLG-1185L b,2023,P
OGLE-2018-BLG-1212L b,2024,P
OGLE-2019-BLG-0299L b,2024,P
HATS-76 b,2021,P
HAT-P-62 b,2021,P
HAT-P-68 b,2020,P
G 196-3 b,2024,P
GJ 680 b,2022,P
K2-185 c,2010,P
K2-292 b,2019,P
K2-350 c,2017,P
K2-72 b,2022,P
KMT-2016-BLG-1107L b,2022,P
KMT-2016-BLG-1836L b,2020,P
KMT-2016-BLG-2142L b,2022,P
KMT-2023-BLG-1642L b,2022,P
KOI-142 c,2024,P
Kepler-100 b,2010,P
KIC 8540376 c,2001,P
HATS-44 b,2018,P
CoRoT-9 b,2009,P
2MASS J11011926-7732383 b,2024,P
DENIS-P J082303.1-491201 b,2013,P
GJ 1148 b,2010,P
HD 105618 c,2022,P
HD 93385 c,2022,P
HIP 14810 b,2019,P
K2-12 b,2022,P
K2-199 b,2022,P
K2-34 b,2021,P
K2-417 b,2022,P
K2-87 b,2023,P
OGLE-2013-BLG-0911L b,2023,P
HAT-P-15 b,2010,P
Kepler-769 b,2016,P
HATS-62 b,2018,P
Kepler-57 c,2017,P
K2-191 b,2022,P
EPIC 246851721 b,2018,P
Kepler-1012 b,2006,P
CoRoT-23 b,2011,P
HAT-P-17 b,2010,P
NGC 2682 Sand 364 b,2016,P
HATS-14 b,2015,P
Kepler-767 b,2016,P
HATS-74 A b,2021,P
Proxima Cen b,2018,P
HIP 8152 b,2018,P
HATS-71 b,2020,P
HATS-4 b,2014,P
CoRoT-17 b,2011,P
HAT-P-27 b,2011,P
OGLE-2017-BLG-0373L b,2022,P
HATS-54 b,2019,P
CoRoT-3 b,2008,P
CoRoT-30 b,2020,P
HAT-P-52 b,2015,P
PH1 b,2013,P
HAT-P-19 b,2010,P
CoRoT-27 b,2014,P
Kepler-760 c,2019,P
PZ Tel b,2013,P
2MASS J01225093-2439505 b,2013,P
HD 95872 b,2022,P
Kepler-692 b,2018,P
HATS-6 b,2015,P
HAT-P-18 b,2010,P
HD 109749 b,2005,P
K2-165 d,2002,P
K2-98 b,2011,P
PH2 b,2018,P
HD 108147 b,2002,P
HIP 97166 b,2022,P
K2-150 b,2000,P
OGLE-2018-BLG-1119L b,2023,P
CoRoT-10 b,2010,P
HATS-10 b,2015,P
GJ 649 b,2009,P
HAT-P-12 b,2009,P
Kepler-1021 b,2024,P
CoRoT-28 b,2015,P
HATS-22 b,2017,P
HAT-P-2 b,2007,P
HD 101930 b,2005,P
OGLE-2017-BLG-1691L b,2022,P
HATS-69 b,2018,P
Kepler-57 b,2017,P
HAT-P-54 b,2015,P
L 168-9 b,2024,P
OGLE-2019-BLG-0468L c,2014,P
HAT-P-3 b,2007,P
OGLE-2014-BLG-0124L b,2021,P
HIP 29442 d,2018,P
HATS-5 b,2014,P
KOI-1831 d,2016,P
HATS-46 b,2018,P
HIP 113103 c,2022,P
K2-233 c,2011,P
K2-384 b,2003,P
OGLE-2013-BLG-0102L b,2022,P
CoRoT-29 b,2015,P
HAT-P-61 b,2021,P
Kepler-763 d,2018,P
K2-419 A b,2000,P
KOI-94 c,2020,P
CoRoT-13 b,2010,P
Kepler-768 b,2019,P
HATS-75 b,2021,P
OGLE-2017-BLG-1522L b,2022,P
HATS-8 b,2015,P
HAT-P-20 b,2010,P
GJ 1148 c,2017,P
GJ 9066 c,2020,P
HD 107148 b,2005,P
KIC 10068024 b,2002,P
OGLE-2017-BLG-1049L b,2022,P
KMT-2016-BLG-2605L b,2019,P
K2-264 c,2019,P
Kepler-758 d,2018,P
CoRoT-20 b,2011,P
HD 10180 h,2010,P
K2-33 b,2021,P
GJ 3512 c,2020,P
HIP 70849 b,2011,P
K2-278 b,2010,P
K2-288 B b,2018,P
K2-374 b,2022,P
Kepler-727 b,2018,P
HAT-P-38 b,2012,P
HD 104067 b,2009,P
K2-291 b,2019,P
OGLE-2018-BLG-0516L b,2022,P
Kepler-595 c,2017,P
Kepler-759 b,2019,P
K2-374 c,2020,P
OGLE-2016-BLG-0613L AB b,2022,P
K2-414 c,2008,P
OGLE-2013-BLG-0341L B b,2020,P
HATS-48 A b,2020,P
OGLE-2019-BLG-1470L AB c,2020,P
HATS-17 b,2016,P
Kepler-783 b,2020,P
TOI-1444 b,2014,P
HD 99492 b,2004,P
HATS-49 b,2020,P
K2-386 b,2021,P
55 Cnc c,2004,P
HD 102117 b,2005,P
K2-38 b,2017,P
GJ 414 A c,2021,P
BD-06 1339 c,2013,P
Kepler-58 d,2017,P
K2-104 b,2005,P
K2-344 b,2017,P
HIP 67851 c,2022,P
Kepler-752 b,2018,P
TOI-1448 b,2014,P
PDS 70 c,2013,P
HATS-72 b,2020,P
Teegarden's Star b,2014,P
KOI-142 b,2020,P
KOI-94 d,2024,P
K2-182 b,2010,P
HATS-12 b,2016,P
OGLE-2018-BLG-0677L b,2022,P
USco1621 b,2014,P
LTT 1445 A c,2016,P
MOA-2019-BLG-008L b,2016,P
55 Cnc f,2007,P
HIP 57274 c,2024,P
Kepler-565 b,2015,P
Kepler-576 b,2017,P
Kepler-702 b,2016,P
Kepler-751 b,2018,P
K2-22 b,2022,P
KMT-2018-BLG-1990L b,2018,P
Kepler-836 b,2022,P
Kepler-742 b,2018,P
TOI-1468 b,2016,P
TOI-6038 A b,2014,P
HAT-P-26 b,2010,P
OGLE-2018-BLG-1367L b,2024,P
Kepler-598 c,2018,P
Kepler-647 b,2015,P
OGLE-2018-BLG-1428L b,2024,P
K2-111 b,2022,P
OGLE-2017-BLG-1237L b,2023,P
K2-336 b,2022,P
NGTS-8 b,2015,P
OGLE-2018-BLG-0596L b,2022,P
HATS-38 b,2020,P
K2-381 b,2017,P
HATS-37 A b,2020,P
L 98-59 e,2016,P
GJ 15 A c,2018,P
OGLE-2017-BLG-0640L b,2022,P
Pr0201 b,2013,P
K2-238 b,2019,P
OGLE-2011-BLG-0251L b,2018,P
NGTS-9 b,2015,P
CoRoT-8 b,2010,P
CoRoTID 223977153 b,2017,P
HATS-7 b,2015,P
Ross 128 b,2016,P
Kepler-84 b,2016,P
GJ 433 c,2014,P
K2-53 b,2002,P
OGLE-2017-BLG-1099L b,2022,P
Kepler-787 b,2021,P
K2-136 c,2021,P
KMT-2017-BLG-1003L b,2009,P
Kepler-614 b,2018,P
HD 97048 b,2022,P
K2-38 c,2017,P
OGLE-2016-BLG-1067L b,2023,P
GJ 163 d,2013,P
HIP 55507 b,2019,P
WASP-142 b,2014,P
HD 103197 b,2009,P
K2-116 b,2021,P
SWEEPS-4 b,2014,P
EPIC 211945201 b,2018,P
DS Tuc A b,2019,P
HIP 38594 b,2022,P
Kepler-788 b,2021,P
Kepler-803 b,2021,P
KOI-1783.02,2016,P
NGTS-5 b,2015,P
K2-183 c,2008,P
TOI-1136 e,2014,P
HD 105618 b,2022,P
KMT-2021-BLG-1554L b,2004,P
OGLE-2019-BLG-1492L b,2020,P
Kepler-701 b,2016,P
HD 10180 e,2010,P
HIP 105854 b,2008,P
Kepler-85 e,2022,P
Kepler-564 b,2017,P
Kepler-773 b,2016,P
DMPP-1 b,2019,P
HD 109271 c,2013,P
Qatar-7 b,2023,P
K2-213 b,2011,P
HD 10180 f,2010,P
GJ 3293 b,2015,P
KELT-6 b,2023,P
61 Vir d,2009,P
KOI-217 b,2020,P
Kepler-848 b,2022,P
NGC 2682 Sand 1429 b,2016,P
Kepler-783 c,2016,P
K2-42 b,2008,P
OGLE-2018-BLG-0962L b,2022,P
CoRoT-24 c,2014,P
K2-154 c,2008,P
HU Aqr AB b,2017,P
KMT-2023-BLG-1454L b,2022,P
GJ 328 c,2023,P
HD 10180 g,2010,P
HAT-P-11 b,2008,P
CoRoT-22 b,2014,P
GJ 3293 c,2015,P
Kepler-596 b,2015,P
HR 810 b,2022,P
K2-118 b,2022,P
Qatar-8 b,2016,P
K2-264 b,2019,P
HD 107148 c,2021,P
GJ 96 b,2018,P
Kepler-84 c,2022,P
Kepler-852 b,2022,P
OGLE-2003-BLG-235L b,2015,P
K2-203 b,2005,P
K2-285 e,2007,P
OGLE-2018-BLG-0383L b,2022,P
GJ 3470 b,2012,P
Kepler-851 b,2022,P
Kapteyn c,2019,P
L 98-59 b,2016,P
K2-59 c,2021,P
Kepler-74 b,2016,P
61 Vir c,2009,P
K2-91 b,2006,P
KMT-2019-BLG-0253L b,2009,P
KMT-2021-BLG-1689L b,2023,P
K2-8 b,2019,P
K2-119 b,2022,P
HD 106315 c,2017,P
K2-272 b,2019,P
Kepler-711 b,2018,P
GJ 687 b,2014,P
PSR J2322-2650 b,2013,P
CoRoT-7 d,2022,P
HD 109271 b,2013,P
K2-232 b,2015,P
Pr0211 b,2022,P
K2-212 b,2011,P
K2-380 b,2017,P
K2-285 d,2018,P
K2-348 b,2022,P
GJ 4276 b,2019,P
TOI-5634 A b,2010,P
Kepler-654 b,2018,P
GJ 2056 b,2020,P
GJ 436 b,2004,P
K2-155 c,2015,P
GJ 687 c,2020,P
HD 102365 b,2010,P
K2-132 b,2022,P
K2-407 b,2005,P
KIC 3526061 b,2012,P
GJ 581 b,2005,P
Kepler-647 c,2015,P
NY Vir b,2015,P
MOA-2011-BLG-028L b,2016,P
HIP 19976 b,2009,P
HIP 8541 b,2022,P
K2-201 c,2020,P
OGLE-2016-BLG-0263L b,2022,P
OGLE-2018-BLG-1126L b,2023,P
BD-11 4672 c,2020,P
MOA-2007-BLG-192L b,2015,P
Kepler-81 c,2024,P
K2-180 b,2017,P
GJ 229 b,2014,P
KOI-1783.01,2016,P
AU Mic b,2020,P
Kepler-65 e,2018,P
EPIC 249893012 d,2020,P
GJ 876 e,2010,P
TOI-1107 b,2016,P
LkCa 15 c,2016,P
K2-222 b,2019,P
K2-405 b,2016,P
KMT-2021-BLG-0119L b,2020,P
KOI-1833 d,2020,P
Kepler-1024 b,2016,P
K2-58 c,2019,P
K2-367 b,2019,P
Kepler-1023 b,2015,P
K2-241 b,2019,P
Kepler-1007 b,2023,P
LP 714-47 b,2016,P
GJ 720 A b,2021,P
HIP 90988 b,2021,P
Kepler-748 b,2018,P
KMT-2021-BLG-0192L b,2021,P
OGLE-2018-BLG-1647L b,2024,P
K2-210 b,2022,P
TOI-1301.01,2016,P
Kepler-806 b,2021,P
K2-63 c,2022,P
CoRoT-24 b,2014,P
GJ 480 b,2020,P
HD 104067 c,2024,P
HD 10180 c,2010,P
TIC 279401253 b,2016,P
EPIC 249893012 c,2020,P
OGLE-2018-BLG-1269L b,2024,P
GJ 27.1 b,2014,P
Gl 378 b,2019,P
K2-157 b,2016,P
K2-257 b,2019,P
Kepler-837 b,2022,P
TOI-700 c,2016,P
Kepler-650 b,2018,P
KMT-2021-BLG-2294L b,2020,P
TOI-1347 b,2016,P
K2-58 b,2019,P
BD-08 2823 b,2009,P
KMT-2021-BLG-0912L b,2021,P
KOI-12 b,2019,P
Qatar-3 b,2023,P
Kepler-686 b,2018,P
Kepler-653 b,2018,P
TOI-836 c,2016,P
WASP-100 b,2014,P
Kepler-562 b,2017,P
MOA-2011-BLG-262L b,2015,P
TOI-1224 c,2014,P
Kepler-677 b,2018,P
KOI-351 b,2019,P
Kepler-626 b,2018,P
TIC 241249530 b,2016,P
DMPP-4 b,2023,P
K2-186 b,2018,P
Kepler-756 b,2018,P
TOI-1199 b,2016,P
K2-413 b,2019,P
Kepler-754 b,2018,P
K2-190 b,2021,P
Kepler-712 b,2018,P
TOI-1136 d,2014,P
Kepler-775 b,2016,P
GJ 9404 b,2023,P
K2-331 b,2019,P
K2-368 b,2019,P
K2-90 c,2006,P
HD 10180 d,2010,P
Kepler-716 b,2015,P
OGLE-2019-BLG-0954L b,2013,P
K2-221 b,2019,P
Kepler-1008 b,2023,P
TRAPPIST-1 d,2014,P
K2-115 b,2021,P
K2-207 b,2020,P
K2-406 b,2023,P
GJ 3222 b,2022,P
TOI-1260 c,2016,P
Kepler-843 b,2022,P
Kepler-593 b,2017,P
HIP 57274 b,2024,P
TYC 3318-01333-1 b,2021,P
Kepler-791 b,2021,P
TOI-1272 c,2016,P
TOI-1452 b,2016,P
HD 103949 b,2019,P
HIP 75092 b,2021,P
OGLE-2017-BLG-0604L b,2022,P
GJ 422 b,2014,P
GJ 674 b,2007,P
Kepler-568 b,2020,P
TOI-5678 b,2010,P
gam Lib b,2016,P
Kepler-999 b,2023,P
MWC 758 c,2016,P
Kepler-731 b,2018,P
TOI-5388.01,2021,P
Kepler-66 b,2018,P
K2-187 e,2022,P
K2-283 b,2015,P
TOI-1450 A b,2016,P
GJ 724 b,2023,P
TOI-5218 b,2020,P
Kepler-799 c,2021,P
TOI-559 b,2016,P
GJ 1151 c,2023,P
GJ 163 b,2013,P
GJ 338 B b,2020,P
K2-240 c,2019,P
K2-348 c,2022,P
Kepler-616 c,2018,P
K2-50 b,2024,P
GJ 3138 d,2017,P
HIP 109600 b,2022,P
K2-158 c,2021,P
K2-366 b,2019,P
LkCa 15 b,2016,P
Kepler-792 b,2021,P
Kepler-819 b,2022,P
Kepler-621 b,2018,P
HD 93351 b,2021,P
Kepler-81 b,2016,P
TrES-2 b,2016,P
K2-208 b,2020,P
OGLE-2015-BLG-1771L b,2020,P
ups And b,2016,P
K2-269 b,2020,P
TOI-544 c,2016,P
Kepler-613 b,2018,P
Kepler-638 b,2018,P
Kepler-663 b,2018,P
GJ 160.2 b,2014,P
K2-148 d,2004,P
K2-90 b,2006,P
OGLE-2018-BLG-1011L b,2024,P
HIP 54597 b,2019,P
Qatar-9 b,2016,P
Kepler-774 b,2016,P
HIP 77900 b,2021,P
Kepler-651 b,2018,P
Kepler-743 b,2018,P
TOI-1224 b,2014,P
Kepler-845 b,2022,P
KMT-2019-BLG-1367L b,2022,P
TOI-5616 b,2010,P
TOI-1221 b,2014,P
HD 108236 e,2020,P
GJ 9689 b,2020,P
K2-79 b,2021,P
DMPP-1 c,2019,P
Kepler-760 b,2019,P
K2-164 b,2021,P
Kepler-744 b,2018,P
WASP-124 b,2016,P
K2-395 c,2009,P
K2-27 b,2020,P
KMT-2018-BLG-0087L b,2025,P
TOI-6086 b,2016,P
Kepler-595 b,2021,P
TOI-1184 b,2016,P
TOI-1272 b,2016,P
bet UMi b,2016,P
K2-368 d,2016,P
Kepler-1005 b,2022,P
Kepler-589 c,2017,P
Kepler-723 b,2018,P
K2-209 b,2020,P
K2-261 b,2022,P
OGLE-2014-BLG-1760L b,2022,P
TrES-5 b,2016,P
K2-18 c,2017,P
Kepler-75 b,2018,P
HIP 56640 b,2024,P
TOI-700 d,2016,P
GJ 685 b,2019,P
Kepler-741 b,2018,P
Kepler-82 c,2022,P
K2-178 b,2015,P
TOI-1231 b,2016,P
TOI-5238 b,2016,P
WASP-121 b,2016,P
WASP-16 b,2014,P
K2-14 b,2023,P
KMT-2021-BLG-0748L b,2021,P
Kepler-732 c,2018,P
Kepler-770 d,2020,P
TOI-1260 d,2016,P
HIP 67522 b,2019,P
K2-77 b,2021,P
K2-413 c,2019,P
Kepler-81 d,2022,P
Kepler-594 b,2017,P
TOI-1408 b,2014,P
Kepler-579 b,2017,P
Kepler-722 b,2018,P
WASP-94 A b,2016,P
KIC 3558849 b,2024,P
GJ 682 c,2014,P
KMT-2019-BLG-1216L b,2021,P
MOA-2007-BLG-400L b,2016,P
HD 109833 b,2022,P
KELT-16 b,2024,P
Kepler-823 b,2022,P
PDS 70 b,2013,P
GJ 229 A c,2020,P
KOI-3503 c,2019,P
OGLE2-TR-L9 b,2013,P
TIC 139270665 b,2016,P
TOI-561 e,2010,P
WASP-92 b,2016,P
HIP 65407 c,2023,P
HD 9174 b,2023,P
BD-06 1339 b,2013,P
K2-199 c,2021,P
K2-393 b,2019,P
Kepler-657 b,2018,P
EPIC 220674823 c,2016,P
Kepler-631 b,2018,P
CoRoT-7 c,2009,P
GJ 3634 b,2010,P
K2-352 b,2008,P
K2-37 b,2022,P
Kepler-644 b,2018,P
TOI-561 c,2016,P
V1298 Tau c,2016,P
TOI-6130 b,2016,P
WASP-89 b,2016,P
OGLE-TR-113 b,2023,P
K2-271 b,2019,P
Kepler-665 b,2018,P
GJ 3082 b,2020,P
KELT-21 b,2022,P
Kepler-715 b,2018,P
Kepler-772 b,2020,P
Kepler-755 b,2018,P
KOI-13 b,2020,P
Kepler-784 b,2021,P
MOA-2010-BLG-353L b,2016,P
TOI-1439 b,2016,P
TOI-815 c,2016,P
Kepler-578 b,2017,P
GJ 3779 b,2018,P
Kepler-101 b,2021,P
Kepler-817 b,2016,P
Kepler-80 f,2016,P
TOI-628 b,2016,P
GJ 1214 b,2009,P
Kepler-733 b,2018,P
Kepler-818 b,2016,P
TOI-700 e,2016,P
Kepler-826 b,2022,P
KIC 7917485 b,2015,P
Kepler-785 b,2021,P
TOI-1273 b,2016,P
Kepler-632 b,2018,P
Kepler-716 c,2018,P
WASP-84 c,2016,P
OGLE-2019-BLG-0362L b,2024,P
K2-268 b,2024,P
EPIC 212737443 c,2019,P
Kepler-735 b,2018,P
TOI-1246 c,2016,P
Kepler-62 f,2018,P
Kepler-808 b,2021,P
LP 791-18 c,2016,P
V1298 Tau d,2016,P
Kepler-85 d,2022,P
GJ 3293 d,2017,P
GJ 887 c,2020,P
K2-130 b,2022,P
Kepler-725 b,2016,P
Kepler-8 b,2021,P
MOA-2010-BLG-328L b,2016,P
OGLE-2012-BLG-0838L b,2020,P
TOI-1246 b,2016,P
Kepler-730 b,2018,P
GJ 180 d,2020,P
Kepler-998 b,2023,P
Oph 11 b,2013,P
TOI-5726.01,2016,P
TOI-6054.01,2016,P
eps Tau b,2014,P
Kepler-63 b,2017,P
Kepler-672 b,2018,P
TOI-532 b,2014,P
Kepler-618 b,2018,P
Kepler-61 b,2018,P
TOI-763 c,2016,P
gam Cep b,2014,P
GJ 1265 b,2018,P
GJ 3473 c,2020,P
GJ 414 A b,2021,P
Kepler-762 b,2019,P
TOI-1075 b,2016,P
TOI-1268 b,2016,P
WASP-98 b,2016,P
Kepler-777 b,2020,P
Kepler-79 c,2021,P
LHS 475 b,2016,P
GJ 143 b,2019,P
K2-276 b,2022,P
TOI-871 b,2016,P
VHS J125601.92-125723.9 b,2016,P
HD 93083 b,2023,P
K2-315 b,2023,P
Kepler-666 b,2018,P
HD 92788 c,2023,P
EPIC 206024342 d,2021,P
K2-195 c,2022,P
K2-5 c,2024,P
Kepler-607 b,2018,P
Kepler-623 b,2018,P
LHS 3844 b,2016,P
MOA-2022-BLG-563L b,2016,P
TOI-904 c,2014,P
WASP-145 A b,2014,P
WASP-88 b,2016,P
Kepler-842 b,2022,P
Kepler-566 b,2017,P
HD 109833 c,2022,P
Kepler-755 c,2018,P
EPIC 212737443 b,2019,P
K2-73 b,2020,P
OGLE-TR-10 b,2021,P
TIC 365102760 b,2016,P
bet Pic b,2016,P
BD+20 594 b,2016,P
Kepler-652 b,2018,P
Kepler-68 c,2018,P
GJ 3942 b,2017,P
Kepler-714 b,2018,P
Kepler-678 b,2018,P
HIP 67522 c,2019,P
K2-396 c,2013,P
KMT-2019-BLG-1042L b,2021,P
KOI-1599.02,2016,P
Kepler-653 c,2018,P
TOI-1288 c,2014,P
TrES-1 b,2016,P
MOA-2012-BLG-006L b,2018,P
Kepler-705 b,2018,P
TOI-1244 b,2016,P
WASP-132 c,2016,P
K2-333 b,2023,P
K2-200 b,2021,P
Kepler-573 b,2017,P
Kepler-612 b,2015,P
Kepler-707 b,2018,P
Kepler-80 g,2021,P
Qatar-1 b,2014,P
TOI-622 b,2016,P
HD 108236 d,2020,P
Kepler-1000 b,2023,P
Kepler-574 b,2017,P
Kepler-850 b,2022,P
TOI-125 c,2013,P
TOI-815 b,2013,P
Kepler-1001 b,2023,P
AU Mic c,2021,P
K2-323 b,2020,P
tau Boo b,2014,P
Kepler-627 b,2018,P
GJ 876 d,2005,P
TOI-1174 b,2016,P
GJ 163 c,2013,P
Kepler-646 b,2018,P
Kepler-691 b,2018,P
Kepler-753 b,2018,P
LTT 1445 A b,2015,P
MOA-2010-BLG-477L b,2016,P
TOI-128.01,2014,P
TYC 8998-760-1 b,2016,P
YZ Cet b,2014,P
KMT-2018-BLG-1976L b,2023,P
Kepler-67 b,2015,P
Kepler-825 c,2016,P
M62H b,2016,P
TOI-5319 b,2014,P
TOI-564 b,2010,P
gam1 Leo b,2016,P
Kepler-857 b,2022,P
Kepler-1009 b,2021,P
Kepler-602 b,2015,P
Kepler-757 b,2018,P
LTT 3780 b,2016,P
TOI-1136 f,2016,P
GJ 676 A e,2012,P
TOI-5720 b,2016,P
KMT-2022-BLG-2286L b,2014,P
Kepler-616 b,2018,P
Kepler-630 b,2018,P
GJ 3341 b,2015,P
Gl 686 b,2018,P
K2-122 b,2021,P
K2-395 b,2009,P
K2-59 b,2021,P
Kepler-763 b,2019,P
MOA-2010-BLG-073L b,2016,P
UCAC3 113-933 b,2016,P
KOI-1599.01,2016,P
HD 106315 b,2017,P
Kepler-575 b,2015,P
TOI-5232 b,2016,P
Kepler-656 b,2019,P
L 98-59 d,2016,P
GJ 180 b,2014,P
Kepler-674 b,2018,P
Kepler-780 b,2020,P
K2-70 b,2023,P
HR 8799 c,2010,P
KIC 8121913 b,2015,P
L 98-59 c,2019,P
Kepler-846 b,2022,P
Kepler-811 b,2022,P
GJ 180 c,2014,P
Kepler-685 b,2018,P
Kepler-728 b,2018,P
Kepler-799 b,2021,P
LP 890-9 c,2016,P
MOA-2011-BLG-291L b,2016,P
MOA-2015-BLG-337L b,2016,P
Teegarden's Star d,2016,P
V1298 Tau b,2016,P
HIP 14810 c,2009,P
K2-188 c,2008,P
K2-268 c,2009,P
KIC 5479689 b,2008,P
KMT-2022-BLG-0440L b,2023,P
KOI-351 f,2011,P
Kepler-641 b,2018,P
NY Vir c,2015,P
TOI-654.01,2014,P
rho CrB e,2014,P
K2-117 c,2019,P
K2-391 b,2021,P
KELT-23 A b,2022,P
Kepler-592 b,2017,P
Kepler-637 b,2018,P
Kepler-68 e,2018,P
TIC 237913194 b,2016,P
HD 90156 b,2023,P
GJ 3998 c,2016,P
TOI-1294 b,2016,P
TOI-1410 c,2016,P
Wendelstein-2 b,2016,P
Kepler-629 b,2015,P
TRAPPIST-1 c,2016,P
Wolf 1061 b,2014,P
gam Psc b,2016,P
Kepler-619 c,2018,P
TOI-1064 c,2016,P
TOI-1333 b,2016,P
TOI-640 b,2014,P
TOI-942 c,2016,P
WASP-105 b,2016,P
WASP-135 b,2016,P
Kepler-810 b,2022,P
Kepler-695 b,2018,P
Qatar-2 b,2011,P
Kepler-84 f,2022,P
K2-138 f,2020,P
Kepler-681 b,2018,P
Kepler-717 b,2018,P
TOI-762 A b,2016,P
K2-244 b,2021,P
GJ 357 d,2019,P
K2-138 e,2020,P
Kepler-746 b,2018,P
OGLE-2013-BLG-1721L b,2021,P
PSR B1620-26 b,2022,P
TOI-942 b,2016,P
TRAPPIST-1 b,2016,P
WASP-130 b,2014,P
WASP-141 b,2014,P
EPIC 229004835 b,2023,P
GJ 367 d,2023,P
GJ 433 b,2011,P
TOI-1064 b,2016,P
WTS-2 b,2016,P
EPIC 212587672 c,2021,P
Kepler-724 b,2018,P
Kepler-750 c,2016,P
Kepler-835 b,2022,P
MASCARA-4 b,2016,P
TCP J05074264+2447555 b,2016,P
WASP-129 b,2016,P
XO-2 S c,2016,P
MOA-2010-BLG-117L b,2016,P
LP 791-18 b,2016,P
Kepler-661 b,2018,P
EPIC 212624936 c,2021,P
Kepler-633 c,2018,P
Kepler-634 b,2018,P
Kepler-68 d,2015,P
LSPM J2116+0234 b,2016,P
TOI-1266 b,2023,P
TOI-1411 b,2016,P
TRAPPIST-1 e,2014,P
Kepler-591 b,2017,P
Kepler-603 d,2018,P
Kepler-805 b,2021,P
WASP-120 b,2016,P
WASP-157 b,2016,P
GJ 806 c,2023,P
K2-247 c,2025,P
Kepler-782 b,2020,P
TOI-1062 c,2016,P
Kepler-847 b,2022,P
EPIC 212297394 c,2021,P
TOI-5786 b,2016,P
WASP-131 b,2014,P
Kepler-85 c,2022,P
GJ 3929 c,2022,P
K2-18 b,2017,P
Kepler-610 c,2018,P
Kepler-798 b,2021,P
LHS 1678 d,2015,P
TOI-1180 b,2016,P
WASP-99 b,2016,P
YZ Cet d,2016,P
GJ 667 C b,2012,P
K2-24 b,2023,P
Kepler-804 c,2021,P
MOA-2022-BLG-249L b,2015,P
TOI-5344 b,2016,P
Kepler-820 b,2022,P
Gl 49 b,2019,P
HIP 5763 b,2024,P
K2-139 b,2023,P
LHS 1478 b,2016,P
Kepler-729 b,2018,P
HR 8799 d,2015,P
K2-138 c,2020,P
Kepler-62 c,2015,P
Kepler-738 b,2021,P
Kepler-802 b,2021,P
OGLE-2011-BLG-0265L b,2023,P
V830 Tau b,2016,P
WASP-11 b,2016,P
Kepler-833 b,2022,P
K2-308 b,2021,P
OGLE-2014-BLG-0319L b,2022,P
PSR B1257+12 d,2022,P
TOI-907.01,2016,P
Kepler-82 f,2022,P
GJ 581 c,2007,P
Kepler-747 b,2018,P
Kepler-789 b,2021,P
TOI-1130 c,2016,P
TOI-5704 b,2014,P
TRAPPIST-1 h,2016,P
HD 89839 b,2023,P
Kepler-1011 b,2023,P
Kepler-781 b,2020,P
Kepler-786 b,2021,P
Qatar-5 b,2014,P
TOI-776 c,2016,P
WASP-144 b,2014,P
K2-347 b,2022,P
Kepler-6 b,2019,P
Kepler-619 b,2018,P
Kepler-713 b,2018,P
Kepler-721 b,2018,P
TOI-1235 b,2016,P
TOI-6029 b,2016,P
Kepler-749 b,2018,P
Kepler-838 b,2022,P
Kepler-824 b,2022,P
K2-138 d,2020,P
Kepler-58 b,2017,P
TIC 257060897 b,2016,P
TOI-712 c,2014,P
EPIC 212424622 b,2019,P
GJ 536 b,2016,P
K2-240 b,2019,P
Kepler-708 b,2018,P
SWEEPS-11 b,2016,P
TOI-1052 c,2013,P
K2-72 e,2020,P
Kepler-1017 b,2019,P
KMT-2018-BLG-0029L b,2020,P
L 363-38 b,2016,P
MOA-2008-BLG-310L b,2016,P
TIC 172900988 b,2016,P
WASP-118 b,2014,P
psi1 Dra B b,2016,P
GJ 433 d,2020,P
LTT 3780 c,2016,P
LTT 9779 b,2016,P
TRAPPIST-1 f,2016,P
WASP-132 d,2016,P
WASP-91 b,2016,P
GJ 3090 b,2022,P
GJ 514 b,2022,P
K2-396 b,2013,P
OGLE-2012-BLG-0026L c,2023,P
TRAPPIST-1 g,2016,P
Kepler-675 b,2018,P
KMT-2021-BLG-1150L b,2010,P
Kepler-712 c,2018,P
WASP-140 b,2016,P
Kepler-625 c,2018,P
Kepler-859 b,2022,P
HD 93385 b,2021,P
61 Vir b,2009,P
Kepler-797 b,2021,P
Kepler-758 c,2018,P
Kepler-78 b,2020,P
Kepler-849 b,2015,P
EPIC 206317286 c,2022,P
TOI-1246 e,2016,P
Kepler-1016 b,2019,P
Kepler-745 b,2018,P
TOI-1227 b,2016,P
WASP-1 b,2016,P
WASP-107 c,2016,P
Kepler-764 b,2015,P
K2-321 b,2023,P
Kepler-83 b,2022,P
HD 108236 c,2020,P
Kepler-605 c,2018,P
Luhman 16 b,2016,P
TOI-5398 c,2016,P
Kepler-82 d,2022,P
K2-5 b,2024,P
Kepler-572 b,2017,P
Kepler-778 b,2020,P
HD 93351 c,2021,P
Kepler-599 b,2018,P
LHS 1140 b,2016,P
K2-246 b,2011,P
Kepler-839 b,2022,P
TOI-663 d,2016,P
Kepler-624 b,2018,P
GJ 2030 b,2022,P
K2-247 b,2017,P
Kepler-571 b,2017,P
Kepler-69 c,2018,P
Kepler-793 b,2021,P
MOA-2016-BLG-227L b,2016,P
TOI-954 b,2016,P
eps CrB b,2016,P
Kepler-611 b,2015,P
Kepler-795 b,2021,P
HD 108236 f,2021,P
Kepler-709 b,2018,P
MOA-2011-BLG-293L b,2016,P
TOI-5803 b,2016,P
Kepler-587 b,2017,P
K2-32 b,2019,P
Kepler-1025 b,2016,P
Kepler-603 b,2018,P
Kepler-604 b,2018,P
Kepler-703 b,2018,P
Kepler-828 b,2022,P
OGLE-2016-BLG-1598L b,2023,P
TOI-6054.02,2016,P
Kepler-664 b,2018,P
GJ 667 C g,2013,P
Kepler-605 b,2018,P
TIC 279401253 c,2016,P
TOI-837 b,2016,P
UZ For b,2016,P
WASP-139 b,2016,P
GJ 9827 d,2017,P
TOI-1130 b,2016,P
TOI-1294 c,2016,P
Kepler-58 c,2017,P
MOA-2012-BLG-505L b,2016,P
OGLE-2018-BLG-0532L b,2022,P
TOI-763 b,2016,P
Kepler-690 b,2018,P
MOA-2016-BLG-526L b,2016,P
TOI-544 b,2016,P
TOI-700 b,2016,P
USco1556 b,2014,P
EPIC 249893012 b,2020,P
Kepler-758 b,2018,P
TOI-540 b,2016,P
Kepler-814 b,2022,P
HD 92788 b,2023,P
Kepler-1016 c,2019,P
GJ 682 b,2014,P
Kepler-80 d,2016,P
LHS 1678 b,2016,P
WASP-87 b,2016,P
WASP-93 b,2016,P
Kepler-996 b,2022,P
EPIC 211822797 b,2016,P
K2-369 b,2017,P
Kepler-779 b,2020,P
Kepler-79 e,2021,P
Kepler-801 b,2021,P
TOI-6383 A b,2016,P
Wolf 1061 d,2016,P
LHS 1678 c,2015,P
TOI-663 c,2016,P
omi UMa b,2016,P
G 9-40 b,2019,P
Kepler-607 c,2018,P
Kepler-642 b,2018,P
Kepler-758 e,2018,P
OGLE-2019-BLG-1053L b,2019,P
OGLE-2019-BLG-1180L b,2019,P
TOI-1442 b,2016,P
UCAC4 328-061594 b,2016,P
Kepler-581 b,2015,P
LHS 1140 c,2016,P
GJ 3138 c,2017,P
GJ 887 b,2020,P
KMT-2019-BLG-0953L b,2021,P
WASP-148 c,2016,P
55 Cnc e,2004,P
EPIC 201238110 b,2019,P
K2-136 b,2010,P
K2-32 c,2019,P
TOI-1173 b,2016,P
nu Oph c,2016,P
DMPP-1 e,2019,P
GJ 367 c,2023,P
Kepler-619 d,2018,P
Kepler-84 e,2022,P
OGLE-2016-BLG-1190L b,2023,P
TOI-771 b,2016,P
Kepler-669 b,2015,P
TOI-672 b,2016,P
Wolf 1069 b,2016,P
GJ 251 b,2020,P
K2-158 b,2020,P
K2-390 b,2021,P
K2-392 b,2021,P
K2-394 b,2009,P
Kepler-770 c,2020,P
TOI-5301 b,2016,P
TOI-5688 A b,2014,P
V0391 Peg b,2023,P
KMT-2022-BLG-0371L b,2023,P
CD Cet b,2020,P
Kepler-567 b,2017,P
TOI-712 b,2014,P
WASP-153 b,2016,P
alf Ari b,2016,P
tau Cet h,2016,P
TYC 0434-04538-1 b,2023,P
Kepler-62 e,2018,P
Kepler-606 b,2018,P
Kepler-704 b,2018,P
TOI-561 d,2010,P
Kepler-561 c,2016,P
Kepler-784 c,2021,P
GJ 676 A d,2012,P
RR Cae b,2016,P
GJ 667 C c,2013,P
WASP-10 b,2016,P
YZ Cet c,2016,P
G 264-012 c,2021,P
TOI-1295 b,2016,P
Kepler-676 b,2018,P
Kepler-710 b,2018,P
TOI-5713 b,2016,P
WASP-147 b,2014,P
WASP-95 b,2014,P
WD 0806-661 b,2016,P
mu2 Sco b,2016,P
TOI-1338 c,2021,P
K2-263 b,2019,P
GJ 3988 b,2023,P
Kepler-718 b,2018,P
Kepler-821 b,2022,P
Kepler-588 b,2019,P
Kepler-60 d,2018,P
Kepler-656 c,2018,P
TOI-1278 b,2016,P
TOI-1408 c,2016,P
TOI-674 b,2016,P
TOI-913 b,2016,P
EPIC 220674823 b,2016,P
K2-228 b,2022,P
LP 890-9 b,2016,P
PSR J1719-1438 b,2013,P
ROXs 42 B b,2016,P
TOI-1246 d,2016,P
TYC 4282-00605-1 b,2016,P
Kepler-730 c,2018,P
EPIC 206024342 b,2019,P
EPIC 206042996 b,2019,P
OGLE-2012-BLG-0563L b,2023,P
TOI-620 b,2016,P
TOI-778 b,2016,P
WASP-132 b,2016,P
Kepler-822 b,2022,P
Kepler-841 b,2022,P
KMT-2019-BLG-0414L b,2022,P
KMT-2021-BLG-0909L b,2021,P
Kepler-583 b,2017,P
TOI-880.02,2016,P
TYC 3667-1280-1 b,2016,P
Kepler-829 b,2022,P
CoRoT-7 b,2009,P
bet Pic c,2021,P
Kepler-680 b,2018,P
Kepler-856 b,2022,P
Kepler-667 b,2018,P
K2-368 c,2016,P
TOI-6651 b,2016,P
TOI-836 b,2016,P
Wolf 327 b,2016,P
Kepler-620 b,2018,P
Kepler-688 b,2018,P
HIP 66074 b,2019,P
GJ 357 c,2019,P
Kepler-763 c,2019,P
Kepler-771 b,2020,P
tau Cet g,2016,P
Kepler-825 b,2016,P
DMPP-1 d,2019,P
Kepler-794 b,2021,P
TOI-6002 b,2016,P
K2-117 b,2019,P
Kepler-600 b,2018,P
Kepler-601 b,2018,P
TOI-1416 b,2016,P
TOI-776 b,2016,P
WASP-126 c,2016,P
ome Ser b,2016,P
GJ 3293 e,2017,P
Kepler-720 b,2018,P
TOI-1443 b,2016,P
eps Eri b,2016,P
LP 791-18 d,2016,P
WASP-127 b,2016,P
HD 108236 b,2020,P
KIC 9663113 b,2020,P
K2-281 b,2015,P
Kepler-816 b,2016,P
Qatar-6 b,2014,P
TOI-1249 b,2016,P
Kepler-622 b,2018,P
Kepler-586 b,2017,P
K2-28 b,2015,P
EPIC 212499991 b,2019,P
EPIC 220554210 c,2019,P
TOI-1259 A b,2016,P
TOI-132 b,2016,P
TOI-1347 c,2016,P
TOI-813 b,2013,P
kap CrB b,2016,P
TOI-1386 c,2014,P
Kepler-82 e,2022,P
Kepler-796 b,2021,P
LHS 1815 b,2016,P
TOI-757 b,2016,P
TrES-4 b,2016,P
Kepler-761 b,2019,P
Kepler-765 b,2015,P
Lupus-TR-3 b,2016,P
MASCARA-1 b,2016,P
TOI-1410.01,2016,P
TOI-6034 b,2014,P
YSES 2 b,2014,P
Kepler-65 c,2018,P
Kepler-844 b,2022,P
ROXs 12 b,2020,P
Kepler-739 b,2018,P
UZ For c,2016,P
EPIC 201595106 b,2021,P
Kepler-59 b,2017,P
Kepler-83 c,2022,P
Kepler-684 b,2018,P
Kepler-804 b,2021,P
Kepler-617 b,2018,P
KMT-2023-BLG-1743L b,2023,P
GJ 15 A b,2014,P
TOI-1298 b,2016,P
TYC 2187-512-1 b,2016,P
XO-1 b,2016,P
omi CrB b,2016,P
ups And c,2016,P
Kepler-80 e,2021,P
Ross 508 b,2016,P
WASP-158 b,2016,P
rho CrB b,2016,P
Kepler-687 b,2018,P
Kepler-834 b,2022,P
KMT-2023-BLG-1866L b,2023,P
TOI-1386 b,2014,P
K2-339 b,2022,P
GJ 740 b,2021,P
WASP-119 b,2014,P
nu Oph b,2013,P
Kepler-645 b,2018,P
Kepler-65 d,2018,P
WASP-148 b,2016,P
XO-4 b,2016,P
XO-7 b,2014,P
rho CrB d,2016,P
Kepler-673 b,2018,P
K2-280 b,2015,P
GJ 273 b,2017,P
K2-266 e,2018,P
Kepler-590 b,2017,P
Kepler-598 b,2018,P
WASP-104 b,2016,P
WASP-107 b,2016,P
WASP-13 b,2016,P
EPIC 201427007 b,2021,P
Kepler-683 b,2018,P
Kepler-734 b,2018,P
Ross 458 c,2016,P
Kepler-625 b,2018,P
GJ 625 b,2017,P
Kepler-603 c,2018,P
Kepler-736 b,2021,P
OGLE-2017-BLG-1434L b,2022,P
TOI-1296 b,2016,P
XO-3 b,2016,P
TOI-1420 b,2021,P
MOA-2013-BLG-605L b,2016,P
EPIC 212297394 b,2019,P
K2-266 d,2018,P
TOI-1260 b,2016,P
WASP-160 B b,2014,P
gam Lib c,2016,P
iot Dra c,2016,P
Kepler-60 b,2018,P
KMT-2019-BLG-1339L b,2022,P
Kepler-635 b,2018,P
MOA-2011-BLG-322L b,2016,P
Qatar-10 b,2011,P
TOI-833 b,2016,P
WASP-113 b,2016,P
TIC 393818343 b,2016,P
TOI-122 b,2016,P
TOI-5398 b,2016,P
TOI-6016 b,2016,P
Kepler-766 b,2015,P
GJ 411 b,2019,P
GJ 667 C e,2013,P
GJ 667 C f,2013,P
K2-245 b,2011,P
TOI-677 b,2023,P
WASP-156 b,2016,P
GJ 9827 b,2017,P
Kepler-615 b,2018,P
SPECULOOS-3 b,2016,P
TOI-125 d,2014,P
TOI-892 b,2016,P
WASP-14 b,2016,P
WISE J033605.05-014350.4 b,2016,P
WISEP J121756.91+162640.2 A b,2016,P
Kepler-68 b,2018,P
GJ 1132 c,2018,P
Kepler-809 b,2016,P
OGLE-2019-BLG-0304L b,2024,P
XO-6 b,2016,P
Kepler-655 b,2019,P
nu Oct A b,2013,P
Kepler-58 e,2017,P
TOI-1431 b,2016,P
TOI-530 b,2016,P
WASP-85 A b,2016,P
iot Dra b,2016,P
tau Cet f,2016,P
Kepler-62 d,2018,P
TOI-1201 b,2021,P
DMPP-3 A b,2019,P
WASP-126 b,2016,P
EPIC 206024342 c,2021,P
Kepler-640 b,2018,P
Kepler-659 b,2018,P
TOI-849 b,2016,P
WASP-159 b,2016,P
eps Ind A b,2014,P
Kepler-831 b,2022,P
G 264-012 b,2021,P
WASP-138 b,2016,P
GJ 3998 b,2016,P
Kepler-740 b,2018,P
Kepler-80 b,2021,P
TOI-663 b,2016,P
Kepler-84 d,2022,P
Kepler-800 b,2021,P
K2-334 b,2023,P
Kepler-658 b,2018,P
Kepler-813 b,2022,P
Kepler-855 b,2022,P
WTS-1 b,2016,P
Kepler-649 b,2018,P
Kepler-643 b,2018,P
TOI-615 b,2016,P
WD 1856+534 b,2016,P
bet Cnc b,2016,P
Kepler-679 b,2018,P
Kepler-832 b,2022,P
Kepler-693 b,2018,P
Kepler-585 b,2017,P
TOI-6008 b,2016,P
Kepler-671 b,2018,P
Kepler-812 b,2022,P
GJ 806 b,2023,P
HIP 57274 d,2024,P
Kepler-60 c,2018,P
Kepler-737 b,2021,P
Kepler-770 b,2020,P
OGLE-2005-BLG-169L b,2023,P
TOI-1136 b,2016,P
V1298 Tau e,2016,P
WASP-103 b,2016,P
WASP-151 b,2016,P
Wolf 503 b,2016,P
GJ 3323 c,2017,P
Kepler-80 c,2016,P
Qatar-4 b,2014,P
TOI-969 b,2016,P
USco CTIO 108 b,2016,P
WASP-106 b,2016,P
Kepler-815 b,2022,P
EPIC 205950854 c,2019,P
HIP 71135 b,2021,P
K2-282 b,2015,P
OGLE-TR-211 b,2013,P
XO-2 S b,2016,P
xi Aql b,2016,P
Kepler-1026 b,2016,P
MOA-bin-1L b,2016,P
TOI-561 b,2016,P
XO-2 N b,2016,P
MOA-2009-BLG-387L b,2016,P
TIC 139270665 c,2016,P
GJ 486 b,2021,P
Kepler-853 b,2022,P
K2-138 b,2020,P
Kepler-694 b,2018,P
Kepler-610 b,2018,P
SR 12 AB c,2016,P
TOI-1194 b,2016,P
TOI-669 b,2016,P
Kepler-616 d,2018,P
Kepler-62 b,2018,P
Kepler-662 b,2018,P
GJ 3473 b,2020,P
EPIC 212587672 b,2019,P
TOI-1136 c,2016,P
TOI-784 b,2014,P
Kepler-582 b,2017,P
TAP 26 b,2014,P
TOI-1422 b,2016,P
WASP-110 b,2016,P
MOA-2013-BLG-220L b,2016,P
K2-338 b,2022,P
TOI-558 b,2016,P
Kepler-861 b,2022,P
GJ 3323 b,2017,P
MOA-2020-BLG-135L b,2016,P
TOI-1269 b,2016,P
TOI-5799 b,2016,P
TOI-858 B b,2016,P
EPIC 201615463 c,2019,P
Kepler-79 b,2021,P
WASP-136 b,2016,P
WASP-150 b,2016,P
Kepler-862 b,2022,P
Kepler-776 b,2019,P
K2-24 c,2019,P
Kepler-689 b,2018,P
Kepler-750 b,2018,P
OGLE-TR-182 b,2021,P
TOI-5542 b,2016,P
pi Men c,2016,P
EPIC 206042996 c,2021,P
EPIC 212624936 b,2021,P
GJ 357 b,2019,P
Kepler-639 b,2018,P
MOA-2016-BLG-319L b,2016,P
GJ 1252 b,2020,P
GJ 1132 b,2015,P
Kepler-830 b,2022,P
K2-266 b,2018,P
OGLE-TR-132 b,2021,P
OGLE-TR-56 b,2013,P
TOI-782 b,2016,P
WASP-133 b,2016,P
kap And b,2016,P
GJ 1061 c,2020,P
GJ 3138 b,2017,P
Wendelstein-1 b,2016,P
b Cen AB b,2016,P
GJ 393 b,2021,P
GJ 581 e,2009,P
K2-266 c,2018,P
TOI-1181 b,2016,P
Kepler-85 b,2022,P
GJ 1061 d,2020,P
Kepler-577 b,2017,P
MOA-2009-BLG-266L b,2016,P
TOI-1052 b,2014,P
Kepler-636 b,2018,P
WASP-114 b,2016,P
WASP-97 b,2016,P
alf Tau b,2016,P
K2-320 b,2022,P
GJ 9827 c,2017,P
OGLE-2023-BLG-0836L b,2021,P
TOI-1451 b,2016,P
TYC 1422-614-1 c,2016,P
rho CrB c,2016,P
Kepler-648 b,2016,P
TOI-1467 b,2016,P
TOI-6255 b,2016,P
WASP-96 b,2014,P
EPIC 228836835 b,2021,P
GJ 1002 c,2022,P
GJ 1061 b,2020,P
Kepler-608 b,2018,P
Kepler-633 b,2018,P
Kepler-698 b,2018,P
Kepler-700 b,2018,P
MOA-bin-29 b,2016,P
Kepler-65 b,2018,P
GJ 3929 b,2022,P
TOI-904 b,2014,P
TOI-969 c,2016,P
MOA-2008-BLG-379L b,2016,P
Kepler-83 d,2022,P
Kepler-827 b,2022,P
K2-74 b,2023,P
UKIRT-2017-BLG-001L b,2016,P
GJ 273 c,2017,P
WASP-12 b,2016,P
WASP-123 b,2016,P
EPIC 201170410.02,2020,P
EPIC 201841433 b,2019,P
Kepler-580 b,2017,P
EPIC 201754305 d,2019,P
GJ 1002 b,2022,P
Kepler-79 d,2021,P
TYC 1422-614-1 b,2016,P
AU Mic d,2023,P
TOI-905 b,2016,P
Kepler-997 b,2023,P
Kepler-589 b,2017,P
EPIC 206032309 b,2019,P
MOA-2009-BLG-319L b,2016,P
TOI-1450 A c,2016,P
mu Leo b,2016,P
EPIC 201833600 c,2019,P
EPIC 206215704 b,2019,P
Kepler-609 b,2018,P
Kepler-69 b,2018,P
Kepler-7 b,2018,P
OGLE-2017-BLG-0406L b,2021,P
EPIC 220492298 b,2021,P
HD 101581 c,2025,P
Kepler-858 b,2022,P
TOI-1248 b,2016,P
TOI-1266 c,2016,P
pi Men d,2016,P
tau Gem b,2016,P
ups Leo b,2016,P
EPIC 206317286 b,2019,P
Gliese 12 b,2024,P
HD 101581 b,2025,P
Kepler-77 b,2020,P
TOI-125 b,2016,P
TOI-1288 b,2014,P
TYC 8998-760-1 c,2016,P
WASP-101 b,2014,P
ups And d,2016,P
EPIC 201757695.02,2020,P
K2-275 b,2019,P
Kepler-682 b,2018,P
TOI-1135 b,2016,P
TrES-3 b,2016,P
TOI-1136 g,2016,P
TOI-908 b,2016,P
Kepler-668 b,2018,P
PSR B1257+12 c,2011,P
TOI-1062 b,2014,P
Kepler-670 b,2018,P
TOI-139 b,2014,P
XO-5 b,2016,P
Kepler-722 c,2018,P
TOI-1279 b,2014,P
TOI-824 b,2016,P
K2-32 e,2022,P
TOI-1338 b,2016,P
TOI-1437 b,2016,P
TOI-712 d,2016,P
TOI-715 b,2021,P
WASP-15 b,2016,P
WASP-90 b,2016,P
Barnard b,2024,P
Kepler-860 b,2022,P
PSR B1257+12 b,2011,P
K2-32 d,2022,P
Wolf 1061 c,2014,P
WASP-94 B b,2014,P
Kepler-732 b,2018,P
PSR B0329+54 b,2024,P
GJ 367 b,2021,P
EPIC 201497682 b,2019,P
Kepler-570 b,2017,P
TOI-733 b,2021,P
Kepler-59 c,2017,P
MOA-2020-BLG-208L b,2016,P
TOI-5293 A b,2016,P
TIC 4672985 b,2014,P
GJ 238 b,2024,P
POTS-1 b,2014,P
TIC 46432937 b,2014,P
K2-148 b,2000,P
K2-148 c,2004,P
K2-149 b,2006,P
K2-224 c,2019,P
K2-225 b,2019,P
NGTS-3 A b,2014,P
NGTS-30 b,2014,P
NGTS-33 b,2014,P
11 Com,2007,S
11 UMi,2009,S
14 And,2008,S
14 Her,2002,S
16 Cyg,1996,S
17 Sco,2020,S
18 Del,2008,S
1RXS J160929.1-210524,2008,S
24 Boo,2018,S
24 Sex,2010,S
2MASS J04372171+2651014,2021,S
2MASS J01033563-5515561,2013,S
2MASS J01225093-2439505,2013,S
2MASS J02192210-3925225,2015,S
2MASS J0249-0557,2018,S
2MASS J03590986+2009361,2024,S
2MASS J04414489+2301513,2010,S
2MASS J11011926-7732383,2024,S
2MASS J11550485-7919108,2024,S
2MASS J12073346-3932539,2004,S
2MASS J19383260+4603591,2015,S
2MASS J21252752-8138278,2024,S
2MASS J22362452+4751425,2016,S
30 Ari,2009,S
4 UMa,2006,S
42 Dra,2008,S
47 UMa,1996,S
51 Eri,2015,S
51 Peg,1995,S
55 Cnc,1996,S
6 Lyn,2008,S
61 Vir,2009,S
7 CMa,2011,S
70 Vir,1996,S
75 Cet,2012,S
8 UMi,2015,S
81 Cet,2008,S
91 Aqr,2013,S
AB Aur,2022,S
AB Pic,2005,S
AF Lep,2023,S
AU Mic,2020,S
BD+03 2562,2017,S
BD+14 4559,2009,S
BD+15 2375,2016,S
BD+15 2940,2013,S
BD+20 2457,2009,S
BD+20 274,2012,S
BD+20 594,2016,S
BD+45 564,2021,S
BD+48 738,2011,S
BD+48 740,2018,S
BD+49 828,2015,S
BD+55 362,2021,S
BD+60 1417,2021,S
BD+63 1405,2021,S
BD-06 1339,2013,S
BD-08 2823,2009,S
BD-10 3166,2000,S
BD-11 4672,2014,S
BD-13 2130,2007,S
BD-14 3065,2024,S
BD-17 63,2008,S
BD-210397,2023,S
Barnard's star,2024,S
CD Cet,2020,S
CFBDSIR J145829+101343,2011,S
CFHTWIR-Oph 98,2021,S
CHXR 73,2006,S
CI Tau,2024,S
COCONUTS-2,2021,S
CT Cha,2007,S
CoRoT-1,2008,S
CoRoT-10,2010,S
CoRoT-11,2010,S
CoRoT-12,2010,S
CoRoT-13,2010,S
CoRoT-14,2010,S
CoRoT-16,2011,S
CoRoT-17,2011,S
CoRoT-18,2011,S
CoRoT-19,2011,S
CoRoT-2,2008,S
CoRoT-20,2011,S
CoRoT-21,2012,S
CoRoT-22,2014,S
CoRoT-23,2011,S
CoRoT-24,2014,S
CoRoT-25,2013,S
CoRoT-26,2013,S
CoRoT-27,2014,S
CoRoT-28,2015,S
CoRoT-29,2015,S
CoRoT-3,2008,S
CoRoT-30,2020,S
CoRoT-31,2020,S
CoRoT-35,2022,S
CoRoT-36,2022,S
CoRoT-4,2008,S
CoRoT-5,2009,S
CoRoT-6,2009,S
CoRoT-7,2009,S
CoRoT-8,2010,S
CoRoT-9,2009,S
CoRoTID 223977153,2017,S
DE CVn,2018,S
DENIS-P J082303.1-491201,2013,S
DH Tau,2004,S
DMPP-1,2019,S
DMPP-2,2019,S
DMPP-3,2019,S
DMPP-4,2023,S
DP Leo,2009,S
DS Tuc,2019,S
EPIC 201170410,2020,S
EPIC 201238110,2019,S
EPIC 201427007,2021,S
EPIC 201497682,2019,S
EPIC 201595106,2021,S
K2-166,2019,S
K2-16,2019,S
EPIC 201757695,2020,S
K2-50,2019,S
EPIC 201841433,2019,S
K2-168,2019,S
EPIC 206024342,2019,S
EPIC 206032309,2019,S
EPIC 206042996,2019,S
EPIC 206215704,2019,S
EPIC 206317286,2019,S
EPIC 211822797,2016,S
EPIC 211945201,2018,S
EPIC 212297394,2019,S
EPIC 212424622,2019,S
EPIC 212499991,2019,S
EPIC 212587672,2019,S
EPIC 212624936,2021,S
EPIC 212737443,2019,S
EPIC 220492298,2021,S
K2-282,2019,S
EPIC 220674823,2016,S
EPIC 228836835,2021,S
EPIC 229004835,2023,S
EPIC 246851721,2018,S
EPIC 248847494,2018,S
EPIC 249893012,2020,S
FU Tau,2008,S
G 196-3,2024,S
G 264-012,2021,S
G 9-40,2019,S
GJ 1002,2022,S
GJ 1061,2020,S
GJ 1132,2015,S
GJ 1148,2010,S
GJ 1151,2023,S
GJ 1214,2009,S
GJ 1252,2020,S
GJ 1265,2018,S
GJ 143,2019,S
GJ 15,2014,S
GJ 160.2,2014,S
GJ 163,2013,S
GJ 179,2009,S
GJ 180,2014,S
GJ 2030,2022,S
GJ 2056,2020,S
GJ 229,2020,S
GJ 238,2024,S
GJ 251,2020,S
GJ 27.1,2014,S
GJ 273,2017,S
GJ 3021,2000,S
GJ 3082,2020,S
GJ 3090,2022,S
GJ 3138,2017,S
GJ 317,2007,S
HIP 15799,2022,S
GJ 328,2013,S
GJ 3293,2015,S
GJ 3323,2017,S
GJ 3341,2015,S
GJ 338,2020,S
GJ 3470,2012,S
GJ 3473,2020,S
GJ 3512,2019,S
GJ 357,2019,S
GJ 3634,2010,S
GJ 367,2021,S
GJ 3779,2018,S
GJ 3929,2022,S
GJ 393,2021,S
GJ 3942,2017,S
GJ 3988,2023,S
GJ 3998,2016,S
GJ 411,2019,S
GJ 414,2021,S
GJ 422,2014,S
GJ 4276,2019,S
GJ 433,2011,S
GJ 436,2004,S
GJ 463,2022,S
GJ 480,2020,S
GJ 486,2021,S
GJ 504,2013,S
GJ 514,2022,S
GJ 536,2016,S
GJ 581,2005,S
GJ 625,2017,S
GJ 649,2009,S
GJ 667,2012,S
GJ 674,2007,S
GJ 676,2010,S
HIP 86057,2022,S
GJ 682,2014,S
GJ 685,2019,S
GJ 687,2014,S
GJ 720,2021,S
GJ 724,2023,S
GJ 740,2021,S
GJ 806,2023,S
GJ 832,2008,S
GJ 849,2006,S
GJ 86,1999,S
GJ 876,1998,S
GJ 887,2020,S
GJ 896,2022,S
GJ 900,2024,S
GJ 9066,2020,S
GJ 9404,2023,S
GJ 96,2018,S
GJ 9689,2020,S
HIP 103768,2022,S
GJ 9827,2017,S
GPX-1,2021,S
GQ Lup,2004,S
GSC 06214-00210,2010,S
GU Psc,2014,S
Gaia-1,2022,S
Gaia-2,2022,S
Gaia22dkvL,2024,S
Gl 378,2019,S
Gl 49,2019,S
Gl 686,2018,S
Gliese 12,2024,S
HAT-P-1,2006,S
HAT-P-11,2008,S
HAT-P-12,2009,S
HAT-P-13,2009,S
HAT-P-14,2010,S
HAT-P-15,2010,S
HAT-P-16,2010,S
HAT-P-17,2010,S
HAT-P-18,2010,S
HAT-P-19,2010,S
HAT-P-2,2007,S
HAT-P-20,2010,S
HAT-P-21,2010,S
HAT-P-22,2010,S
HAT-P-23,2010,S
HAT-P-24,2010,S
HAT-P-25,2010,S
HAT-P-26,2010,S
HAT-P-27,2011,S
HAT-P-28,2011,S
HAT-P-29,2011,S
HAT-P-3,2007,S
HAT-P-30,2011,S
HAT-P-31,2011,S
HAT-P-32,2011,S
HAT-P-33,2011,S
HAT-P-34,2011,S
HAT-P-35,2011,S
HAT-P-36,2011,S
HAT-P-37,2011,S
HAT-P-38,2012,S
HAT-P-39,2012,S
HAT-P-4,2007,S
HAT-P-40,2012,S
HAT-P-41,2012,S
HAT-P-42,2012,S
HAT-P-43,2012,S
HAT-P-44,2014,S
HAT-P-45,2014,S
HAT-P-46,2014,S
HAT-P-49,2014,S
HAT-P-5,2007,S
HAT-P-50,2015,S
HAT-P-51,2015,S
HAT-P-52,2015,S
HAT-P-53,2015,S
HAT-P-54,2015,S
HAT-P-55,2015,S
HAT-P-56,2015,S
HAT-P-57,2015,S
HAT-P-58,2021,S
HAT-P-59,2021,S
HAT-P-6,2007,S
HAT-P-60,2021,S
HAT-P-61,2021,S
HAT-P-62,2021,S
HAT-P-63,2021,S
HAT-P-64,2021,S
HAT-P-65,2016,S
HAT-P-66,2016,S
HAT-P-67,2017,S
HAT-P-68,2020,S
HAT-P-69,2019,S
HAT-P-7,2008,S
HAT-P-70,2019,S
HAT-P-8,2008,S
HAT-P-9,2008,S
HATS-1,2012,S
HATS-10,2015,S
HATS-11,2016,S
HATS-12,2016,S
HATS-13,2015,S
HATS-14,2015,S
HATS-15,2016,S
HATS-16,2016,S
HATS-17,2016,S
HATS-18,2016,S
HATS-2,2013,S
HATS-22,2017,S
HATS-23,2017,S
HATS-24,2017,S
HATS-25,2016,S
HATS-26,2016,S
HATS-27,2016,S
HATS-28,2016,S
HATS-29,2016,S
HATS-3,2013,S
HATS-30,2016,S
HATS-31,2016,S
HATS-32,2016,S
HATS-33,2016,S
HATS-34,2016,S
HATS-35,2016,S
HATS-36,2018,S
HATS-37,2020,S
HATS-38,2020,S
HATS-39,2018,S
HATS-4,2014,S
HATS-40,2018,S
HATS-41,2018,S
HATS-42,2018,S
HATS-43,2018,S
HATS-44,2018,S
HATS-45,2018,S
HATS-46,2018,S
HATS-47,2020,S
HATS-48,2020,S
HATS-49,2020,S
HATS-5,2014,S
HATS-50,2017,S
HATS-51,2017,S
HATS-52,2017,S
HATS-53,2017,S
HATS-54,2019,S
HATS-55,2019,S
HATS-56,2019,S
HATS-57,2019,S
HATS-58,2019,S
HATS-59,2018,S
HATS-6,2015,S
HATS-60,2018,S
HATS-61,2018,S
HATS-62,2018,S
HATS-63,2018,S
HATS-64,2018,S
HATS-65,2018,S
HATS-66,2018,S
HATS-67,2018,S
HATS-68,2018,S
HATS-69,2018,S
HATS-7,2015,S
HATS-70,2019,S
HATS-71,2020,S
HATS-72,2020,S
HATS-74,2021,S
HATS-75,2021,S
HATS-76,2021,S
HATS-77,2021,S
HATS-8,2015,S
HATS-9,2015,S
HD 100546,2014,S
HD 100655,2011,S
HD 100777,2007,S
HIP 56998,2025,S
HD 10180,2010,S
HD 101930,2005,S
HD 102117,2005,S
HD 102195,2006,S
HD 102272,2008,S
HD 102329,2011,S
HD 102365,2010,S
HD 102843,2019,S
HD 102956,2010,S
HD 103197,2009,S
HD 103720,2014,S
HD 103774,2013,S
HD 103891,2022,S
HD 103949,2019,S
HD 104067,2009,S
HD 10442,2014,S
HD 104985,2003,S
HD 105618,2022,S
HD 105779,2022,S
HD 106252,2002,S
HD 106270,2011,S
HD 106315,2017,S
HD 10647,2006,S
HD 106515,2012,S
HD 106906,2013,S
HD 10697,1999,S
HD 107148,2005,S
HD 108147,2002,S
HD 108202,2023,S
HD 108236,2020,S
HD 108341,2014,S
HD 108863,2011,S
HD 108874,2002,S
HD 109246,2010,S
HD 109271,2013,S
HD 109286,2021,S
HD 109749,2005,S
HD 10975,2021,S
HD 109833,2022,S
HD 109988,2022,S
HD 89744,2009,S
HD 89839,2023,S
HD 90156,2023,S
HD 9174,2023,S
HD 92788,2023,S
HD 93083,2023,S
HD 93351,2021,S
HD 93385,2021,S
HD 93963,2003,S
HD 9446,2017,S
HD 94771,2023,S
HD 94834,2023,S
HD 95086,2020,S
HD 95089,2013,S
HD 95127,2022,S
HD 95338,2010,S
HD 95544,2010,S
HD 95872,2022,S
HD 96063,2003,S
HD 96127,2002,S
HD 96167,2001,S
HD 96700,2001,S
HD 96992,2007,S
HD 97037,2007,S
HD 97048,2022,S
HD 97658,2022,S
HD 98219,2021,S
HD 98649,2011,S
HD 98736,2011,S
HD 99109,2004,S
HD 99283,2015,S
HD 99492,2004,S
HD 99706,2005,S
HIP 105854,2005,S
HIP 107772,2005,S
HIP 107773,2013,S
HIP 109384,2003,S
HIP 109600,2022,S
HIP 113103,2022,S
HIP 114933,2021,S
HIP 116454,2016,S
HIP 12961,2022,S
HIP 14810,2019,S
HIP 19976,2007,S
HIP 21152,2007,S
HD 42813,2015,S
HIP 34222,2000,S
HIP 35173,2000,S
HIP 35965,2009,S
HIP 38594,2022,S
HIP 39017,2002,S
HIP 41378,2016,S
HIP 4845,2005,S
HIP 48714,2007,S
HIP 5158,2011,S
HIP 54373,2016,S
HIP 54597,2019,S
HIP 55507,2019,S
HIP 56640,2024,S
HIP 57274,2024,S
HIP 5763,2024,S
HIP 63242,1999,S
HIP 65,1999,S
HIP 65407,2023,S
HIP 65426,2022,S
HIP 65891,2022,S
HIP 66074,2019,S
HIP 67522,2019,S
HIP 67537,2009,S
HIP 67851,2021,S
HIP 70849,2011,S
HIP 71135,2021,S
HIP 74890,2021,S
HIP 75092,2021,S
HIP 77900,2021,S
HIP 78530,2013,S
HIP 79098,2013,S
HIP 79431,2009,S
HIP 81208,2008,S
HIP 8152,2018,S
HIP 8541,2022,S
HIP 86221,2022,S
HIP 90988,2021,S
HIP 91258,2014,S
HIP 94235,2014,S
HIP 948,2014,S
HIP 9618,2014,S
HIP 97166,2022,S
HIP 97233,2022,S
HIP 99770,2005,S
HN Lib,2011,S
HN Peg,2003,S
HR 2562,2016,S
HR 5183,2008,S
HR 810,2022,S
HR 858,2008,S
HR 8799,2015,S
HS Psc,2009,S
HU Aqr,2017,S
IC 4651 9122,2018,S
TOI-6963,2016,S
ITG 15,2016,S
K2-10,2009,S
K2-100,2018,S
K2-101,2018,S
K2-102,2009,S
K2-104,2005,S
K2-105,2005,S
K2-107,2022,S
K2-108,2022,S
K2-11,2011,S
K2-110,2012,S
K2-111,2022,S
K2-113,2009,S
K2-114,2011,S
K2-115,2021,S
K2-116,2021,S
K2-117,2019,S
K2-118,2022,S
K2-119,2022,S
K2-12,2022,S
K2-121,2008,S
K2-122,2021,S
K2-123,2006,S
K2-124,2023,S
K2-125,2008,S
K2-126,2004,S
K2-127,2004,S
K2-128,2021,S
K2-129,2007,S
K2-13,2007,S
K2-130,2022,S
K2-131,2022,S
K2-132,2022,S
K2-133,2022,S
K2-136,2010,S
K2-137,2011,S
K2-138,2020,S
K2-139,2023,S
K2-14,2023,S
K2-140,2013,S
K2-141,2013,S
K2-146,2006,S
K2-147,2015,S
K2-148,2000,S
K2-149,2000,S
K2-15,2021,S
K2-150,2000,S
K2-151,2009,S
K2-152,2002,S
K2-153,2010,S
K2-154,2010,S
K2-155,2010,S
K2-156,2005,S
K2-157,2005,S
K2-158,2005,S
K2-159,2023,S
K2-160,2012,S
K2-161,2007,S
K2-162,2023,S
K2-163,2022,S
K2-164,2021,S
K2-165,1998,S
K2-167,2010,S
K2-169,2023,S
K2-17,2000,S
K2-170,2000,S
K2-171,2007,S
K2-172,2007,S
K2-173,2007,S
K2-174,2008,S
K2-175,2022,S
K2-176,2009,S
K2-177,2007,S
K2-178,2015,S
K2-179,2017,S
K2-18,2017,S
K2-180,2017,S
K2-181,1999,S
K2-182,1999,S
K2-183,2001,S
K2-184,2018,S
K2-185,2018,S
K2-186,2018,S
K2-187,2009,S
K2-188,2022,S
K2-189,2008,S
K2-19,2009,S
K2-190,2021,S
K2-191,2022,S
K2-192,2022,S
K2-193,2023,S
K2-194,2006,S
K2-195,2023,S
K2-196,2006,S
K2-197,1998,S
K2-198,1998,S
K2-199,2022,S
K2-200,2021,S
K2-201,2005,S
K2-2016-BLG-0005L,2022,S
K2-202,2003,S
K2-203,2003,S
K2-204,2007,S
K2-205,2009,S
K2-206,2016,S
K2-207,2020,S
K2-208,2020,S
K2-209,2020,S
K2-21,2020,S
K2-210,2020,S
K2-211,1999,S
K2-212,2011,S
K2-213,2011,S
K2-214,2007,S
K2-215,2022,S
K2-216,1998,S
K2-217,2002,S
K2-218,2012,S
K2-219,2022,S
K2-22,2022,S
K2-220,2003,S
K2-221,2019,S
K2-222,2019,S
K2-223,2010,S
K2-224,2004,S
K2-225,2019,S
K2-226,2019,S
K2-227,2006,S
K2-228,2022,S
K2-229,2022,S
K2-230,2002,S
K2-231,2010,S
K2-232,2010,S
K2-233,2010,S
K2-237,2008,S
K2-238,2019,S
K2-239,2009,S
K2-24,2023,S
K2-240,2019,S
K2-241,2019,S
K2-242,2019,S
K2-243,2012,S
K2-244,2021,S
K2-245,2011,S
K2-246,2011,S
K2-247,2011,S
K2-248,2004,S
K2-249,2012,S
K2-25,2008,S
K2-250,2017,S
K2-251,1999,S
K2-252,2019,S
K2-253,1998,S
K2-254,2007,S
K2-255,2018,S
K2-257,2019,S
K2-258,2005,S
K2-259,2009,S
K2-26,2001,S
K2-260,2021,S
K2-261,2022,S
K2-263,2019,S
K2-264,2019,S
K2-265,2016,S
K2-266,2018,S
K2-268,2024,S
K2-269,2020,S
K2-27,2020,S
K2-270,2015,S
K2-271,2019,S
K2-272,2019,S
K2-273,1998,S
K2-274,1998,S
K2-275,2019,S
K2-276,2011,S
K2-277,2022,S
K2-278,2010,S
K2-279,2012,S
K2-28,2015,S
K2-280,2015,S
K2-281,2015,S
K2-283,2015,S
K2-284,2015,S
K2-285,2021,S
K2-286,2007,S
K2-287,2012,S
K2-288,2018,S
K2-289,2012,S
K2-29,2011,S
K2-290,2016,S
K2-291,2019,S
K2-292,2019,S
K2-293,2016,S
K2-294,2016,S
K2-295,2011,S
K2-3,2024,S
K2-30,2006,S
K2-308,2021,S
K2-31,2022,S
HD 80653,2011,S
K2-315,2023,S
K2-316,2001,S
K2-317,2007,S
K2-318,2013,S
K2-319,2018,S
K2-32,2019,S
K2-320,2019,S
K2-321,2023,S
K2-322,2003,S
K2-323,2020,S
K2-324,2018,S
K2-325,2009,S
K2-326,2011,S
K2-329,2006,S
K2-33,2006,S
K2-330,2015,S
K2-331,2019,S
K2-332,2010,S
K2-333,2023,S
K2-334,2023,S
K2-335,2020,S
K2-336,2022,S
K2-337,2022,S
K2-338,2022,S
K2-339,2022,S
K2-34,2021,S
K2-340,2005,S
K2-341,2019,S
K2-342,2000,S
K2-343,2012,S
K2-344,2005,S
K2-345,2005,S
K2-346,2021,S
K2-347,2022,S
K2-348,2022,S
K2-349,2001,S
K2-35,2001,S
K2-350,2010,S
K2-351,2013,S
K2-352,2008,S
K2-353,2009,S
K2-354,2022,S
K2-355,2013,S
K2-356,2022,S
K2-357,2002,S
K2-358,2002,S
K2-36,2009,S
K2-365,2010,S
K2-366,2019,S
K2-367,2019,S
K2-368,2019,S
K2-369,2016,S
K2-37,2016,S
K2-370,2004,S
K2-371,2021,S
K2-372,2011,S
K2-373,2011,S
K2-374,2011,S
K2-375,2006,S
K2-376,2005,S
K2-377,2015,S
K2-378,2015,S
K2-379,2009,S
K2-38,2009,S
K2-380,2009,S
K2-381,2009,S
K2-382,2021,S
K2-383,2023,S
K2-384,2003,S
K2-385,2004,S
K2-386,2021,S
K2-387,2010,S
K2-388,2000,S
K2-389,2000,S
K2-39,2001,S
K2-390,2021,S
K2-391,2021,S
K2-392,2021,S
K2-393,2019,S
K2-394,2009,S
K2-395,2009,S
K2-396,2009,S
K2-397,2017,S
K2-398,2002,S
K2-4,2004,S
K2-400,2007,S
K2-401,2017,S
K2-402,2001,S
K2-403,2001,S
K2-404,2001,S
K2-405,2016,S
K2-406,2023,S
K2-407,2005,S
K2-408,2010,S
K2-409,2010,S
K2-411,2007,S
K2-412,2010,S
K2-413,2019,S
K2-414,2004,S
K2-415,2008,S
K2-416,2008,S
K2-417,2022,S
K2-419,2000,S
K2-42,2008,S
K2-43,2008,S
K2-44,2012,S
K2-45,2016,S
K2-46,2016,S
K2-47,2002,S
K2-48,2021,S
K2-49,2008,S
K2-5,2024,S
K2-52,2018,S
K2-53,2002,S
K2-54,2005,S
K2-55,2005,S
K2-57,2002,S
K2-58,2019,S
K2-59,2021,S
K2-6,2007,S
K2-60,2007,S
K2-61,2018,S
K2-62,2016,S
K2-63,2014,S
K2-64,2022,S
K2-65,2011,S
K2-66,2016,S
K2-68,2020,S
K2-69,2008,S
K2-7,2008,S
K2-70,2023,S
K2-71,2022,S
K2-72,2022,S
K2-73,2020,S
K2-74,2020,S
K2-75,2005,S
K2-77,2021,S
K2-79,2021,S
K2-8,2019,S
K2-80,2003,S
K2-81,2012,S
K2-83,2005,S
K2-84,2015,S
K2-85,2009,S
K2-86,2016,S
K2-87,2023,S
K2-88,2001,S
K2-89,2001,S
K2-9,2022,S
K2-90,2006,S
K2-91,2006,S
K2-95,2007,S
K2-97,2003,S
K2-98,2011,S
K2-99,2018,S
KELT-1,2002,S
KELT-10,2002,S
KELT-11,2016,S
KELT-12,2023,S
KELT-14,2008,S
KELT-15,2008,S
KELT-16,2024,S
KELT-17,2024,S
KELT-18,2024,S
KELT-19,2002,S
KELT-2,2002,S
KELT-20,2008,S
KELT-21,2022,S
KELT-23,2022,S
KELT-24,2003,S
KELT-3,2003,S
KELT-4,2011,S
KELT-6,2023,S
KELT-7,1999,S
KELT-8,2023,S
KELT-9,2014,S
KIC 10001893,2014,S
KIC 10068024,2002,S
KIC 10525077,2017,S
KIC 3526061,2012,S
KIC 3558849,2024,S
KIC 5437945,2021,S
KIC 5479689,2008,S
KIC 7917485,2008,S
KIC 8121913,2008,S
KOI-7892,2011,S
KIC 9663113,2020,S
KMT-2016-BLG-0212L,2021,S
KMT-2016-BLG-1105L,2022,S
KMT-2016-BLG-1107L,2022,S
KMT-2016-BLG-1397L,2005,S
KMT-2016-BLG-1820L,2007,S
KMT-2016-BLG-1836L,2020,S
KMT-2016-BLG-2142L,2020,S
KMT-2016-BLG-2321L,2011,S
KMT-2016-BLG-2364L,2003,S
KMT-2016-BLG-2397L,2003,S
KMT-2016-BLG-2605L,2019,S
KMT-2017-BLG-0165L,2002,S
KMT-2017-BLG-0428L,2002,S
KMT-2017-BLG-0673L,2010,S
KMT-2017-BLG-1003L,2009,S
KMT-2017-BLG-1038L,2002,S
KMT-2017-BLG-1146L,2022,S
KMT-2017-BLG-1194L,2006,S
KMT-2017-BLG-2509L,2009,S
KMT-2018-BLG-0029L,2009,S
KMT-2018-BLG-0030L,2009,S
KMT-2018-BLG-0087L,2025,S
KMT-2018-BLG-0247L,2009,S
KMT-2018-BLG-0748L,2016,S
KMT-2018-BLG-0885L,2016,S
KMT-2018-BLG-1025L,2009,S
KMT-2018-BLG-1292L,2022,S
KMT-2018-BLG-1743L,2004,S
KMT-2018-BLG-1976L,2023,S
KMT-2018-BLG-1988L,2009,S
KMT-2018-BLG-1990L,2018,S
KMT-2018-BLG-1996L,1999,S
KMT-2018-BLG-2602L,2023,S
KMT-2019-BLG-0253L,2009,S
KMT-2019-BLG-0297L,2016,S
KMT-2019-BLG-0298L,2000,S
KMT-2019-BLG-0335L,2000,S
KMT-2019-BLG-0371L,2005,S
KMT-2019-BLG-0414L,2022,S
KMT-2019-BLG-0842L,2022,S
KMT-2019-BLG-0953L,2021,S
KMT-2019-BLG-1042L,2021,S
KMT-2019-BLG-1216L,2021,S
KMT-2019-BLG-1339L,2022,S
KMT-2019-BLG-1367L,2022,S
KMT-2019-BLG-1552L,2009,S
KMT-2019-BLG-1715L,2009,S
KMT-2019-BLG-1806L,2023,S
KMT-2019-BLG-1953L,2018,S
KMT-2019-BLG-2783L,2013,S
KMT-2019-BLG-2974L,2009,S
KMT-2020-BLG-0414L,2009,S
KMT-2021-BLG-0119L,2020,S
KMT-2021-BLG-0171L,2021,S
KMT-2021-BLG-0192L,2019,S
KMT-2021-BLG-0240L,2015,S
KMT-2021-BLG-0320L,2011,S
KMT-2021-BLG-0322L,2011,S
KMT-2021-BLG-0712L,2009,S
KMT-2021-BLG-0748L,2021,S
KMT-2021-BLG-0909L,2021,S
KMT-2021-BLG-0912L,2021,S
KMT-2021-BLG-1077L,2021,S
KMT-2021-BLG-1105L,2019,S
KMT-2021-BLG-1150L,2010,S
KMT-2021-BLG-1253L,2011,S
KMT-2021-BLG-1303L,2012,S
KMT-2021-BLG-1372L,2018,S
KMT-2021-BLG-1391L,2005,S
KMT-2021-BLG-1547L,2021,S
KMT-2021-BLG-1554L,2004,S
KMT-2021-BLG-1689L,2004,S
KMT-2021-BLG-1770L,2011,S
KMT-2021-BLG-1898L,2011,S
KMT-2021-BLG-2010L,2014,S
KMT-2021-BLG-2294L,2020,S
KMT-2021-BLG-2478L,2015,S
KMT-2021-BLG-2609L,2016,S
KMT-2022-BLG-0303L,2016,S
KMT-2022-BLG-0371L,2023,S
KMT-2022-BLG-0440L,2023,S
KMT-2022-BLG-1013L,2021,S
KMT-2022-BLG-2286L,2014,S
KMT-2023-BLG-0416L,2010,S
KMT-2023-BLG-0469L,2005,S
KMT-2023-BLG-0735L,2005,S
KMT-2023-BLG-1431L,2005,S
KMT-2023-BLG-1454L,2022,S
KMT-2023-BLG-1642L,2022,S
KMT-2023-BLG-1743L,2023,S
KMT-2023-BLG-1866L,2023,S
KMT-2024-BLG-1044L,2021,S
KOI-12,2019,S
KOI-1257,2022,S
KOI-13,2020,S
KOI-142,2020,S
KOI-1599,2016,S
KOI-1783,2016,S
Kepler-324,2016,S
Kepler-968,2020,S
KOI-217,2020,S
KOI-2513,2009,S
KOI-3503,2009,S
KOI-351,2019,S
KOI-3680,2021,S
KOI-4777,2013,S
KOI-4978,2020,S
KOI-55,2016,S
KOI-7368,2017,S
KOI-7913,2015,S
KOI-94,2023,S
KOI-984,2015,S
KPS-1,2009,S
Kapteyn,2019,S
Kepler-10,2016,S
Kepler-100,2010,S
Kepler-1000,2023,S
Kepler-1001,2023,S
Kepler-1002,2021,S
Kepler-1003,2021,S
Kepler-1004,2013,S
Kepler-1005,2022,S
Kepler-1006,2022,S
Kepler-1007,2023,S
Kepler-1008,2023,S
Kepler-1009,2021,S
Kepler-101,2021,S
Kepler-1010,2023,S
Kepler-1011,2023,S
Kepler-1012,2006,S
Kepler-1013,2016,S
Kepler-1014,2019,S
Kepler-1015,1999,S
Kepler-1016,2019,S
Kepler-1017,2019,S
Kepler-1018,2008,S
Kepler-1019,2008,S
Kepler-102,2008,S
Kepler-1020,2018,S
Kepler-1021,2024,S
Kepler-1022,2024,S
Kepler-1023,2015,S
Kepler-1024,2016,S
Kepler-1025,2016,S
Kepler-1026,2016,S
Kepler-561,2016,S
Kepler-562,2017,S
Kepler-563,2017,S
Kepler-564,2017,S
Kepler-565,2015,S
Kepler-566,2017,S
Kepler-567,2017,S
Kepler-568,2017,S
Kepler-569,2017,S
Kepler-57,2017,S
Kepler-570,2017,S
Kepler-571,2017,S
Kepler-572,2017,S
Kepler-573,2017,S
Kepler-574,2017,S
Kepler-575,2015,S
Kepler-576,2017,S
Kepler-577,2017,S
Kepler-578,2017,S
Kepler-579,2017,S
Kepler-58,2017,S
Kepler-580,2017,S
Kepler-581,2015,S
Kepler-582,2017,S
Kepler-583,2017,S
Kepler-584,2017,S
Kepler-585,2017,S
Kepler-586,2017,S
Kepler-587,2017,S
Kepler-588,2017,S
Kepler-589,2017,S
Kepler-59,2017,S
Kepler-590,2017,S
Kepler-591,2017,S
Kepler-592,2017,S
Kepler-593,2017,S
Kepler-594,2017,S
Kepler-595,2017,S
Kepler-596,2015,S
Kepler-597,2017,S
Kepler-598,2018,S
Kepler-599,2018,S
Kepler-6,2018,S
Kepler-60,2018,S
Kepler-600,2018,S
Kepler-601,2018,S
Kepler-602,2015,S
Kepler-603,2018,S
Kepler-604,2018,S
Kepler-605,2018,S
Kepler-606,2018,S
Kepler-607,2018,S
Kepler-608,2018,S
Kepler-609,2018,S
Kepler-61,2018,S
Kepler-610,2018,S
Kepler-611,2019,S
Kepler-612,2019,S
Kepler-613,2018,S
Kepler-614,2018,S
Kepler-615,2018,S
Kepler-616,2018,S
Kepler-617,2018,S
Kepler-618,2018,S
Kepler-619,2019,S
Kepler-62,2018,S
Kepler-620,2018,S
Kepler-621,2018,S
Kepler-622,2018,S
Kepler-623,2018,S
Kepler-624,2018,S
Kepler-625,2018,S
Kepler-626,2018,S
Kepler-627,2018,S
Kepler-629,2015,S
Kepler-63,2015,S
Kepler-630,2018,S
Kepler-631,2018,S
Kepler-632,2018,S
Kepler-633,2018,S
Kepler-634,2018,S
Kepler-635,2018,S
Kepler-636,2018,S
Kepler-637,2018,S
Kepler-638,2018,S
Kepler-639,2018,S
Kepler-640,2018,S
Kepler-641,2018,S
Kepler-642,2018,S
Kepler-643,2018,S
Kepler-644,2018,S
Kepler-645,2018,S
Kepler-646,2018,S
Kepler-647,2015,S
Kepler-648,2015,S
Kepler-649,2018,S
Kepler-65,2018,S
Kepler-650,2018,S
Kepler-651,2018,S
Kepler-652,2018,S
Kepler-653,2018,S
Kepler-654,2018,S
Kepler-655,2018,S
Kepler-656,2018,S
Kepler-657,2018,S
Kepler-658,2018,S
Kepler-659,2018,S
Kepler-66,2018,S
Kepler-660,2023,S
Kepler-661,2018,S
Kepler-662,2018,S
Kepler-663,2018,S
Kepler-664,2018,S
Kepler-665,2018,S
Kepler-666,2018,S
Kepler-667,2018,S
Kepler-668,2018,S
Kepler-669,2015,S
Kepler-67,2015,S
Kepler-670,2018,S
Kepler-671,2018,S
Kepler-672,2018,S
Kepler-673,2018,S
Kepler-674,2018,S
Kepler-675,2018,S
Kepler-676,2018,S
Kepler-677,2018,S
Kepler-678,2018,S
Kepler-679,2018,S
Kepler-68,2018,S
Kepler-680,2018,S
Kepler-681,2018,S
Kepler-682,2018,S
Kepler-683,2018,S
Kepler-684,2018,S
Kepler-685,2018,S
Kepler-686,2018,S
Kepler-687,2018,S
Kepler-688,2018,S
Kepler-689,2018,S
Kepler-69,2018,S
Kepler-690,2018,S
Kepler-691,2018,S
Kepler-692,2018,S
Kepler-693,2018,S
Kepler-694,2018,S
Kepler-695,2018,S
Kepler-696,2018,S
Kepler-697,2018,S
Kepler-698,2018,S
Kepler-7,2018,S
Kepler-700,2018,S
Kepler-701,2016,S
Kepler-702,2016,S
Kepler-703,2018,S
Kepler-704,2018,S
Kepler-705,2018,S
Kepler-707,2018,S
Kepler-708,2018,S
Kepler-709,2018,S
Kepler-710,2018,S
Kepler-711,2018,S
Kepler-712,2018,S
Kepler-713,2018,S
Kepler-714,2018,S
Kepler-715,2018,S
Kepler-716,2015,S
Kepler-717,2018,S
Kepler-718,2018,S
Kepler-719,2018,S
Kepler-720,2018,S
Kepler-721,2018,S
Kepler-722,2018,S
Kepler-723,2018,S
Kepler-724,2018,S
Kepler-725,2016,S
Kepler-726,2018,S
Kepler-727,2018,S
Kepler-728,2018,S
Kepler-729,2018,S
Kepler-730,2018,S
Kepler-731,2018,S
Kepler-732,2018,S
Kepler-733,2018,S
Kepler-734,2018,S
Kepler-735,2018,S
Kepler-736,2018,S
Kepler-737,2018,S
Kepler-738,2018,S
Kepler-739,2018,S
Kepler-74,2016,S
Kepler-740,2018,S
Kepler-741,2018,S
Kepler-742,2018,S
Kepler-743,2018,S
Kepler-744,2018,S
Kepler-745,2018,S
Kepler-746,2018,S
Kepler-747,2018,S
Kepler-748,2018,S
Kepler-749,2018,S
Kepler-75,2018,S
Kepler-750,2018,S
Kepler-751,2018,S
Kepler-752,2018,S
Kepler-753,2019,S
Kepler-754,2018,S
Kepler-755,2018,S
Kepler-756,2018,S
Kepler-757,2018,S
Kepler-758,2018,S
Kepler-759,2019,S
Kepler-76,2016,S
Kepler-760,2019,S
Kepler-761,2019,S
Kepler-762,2019,S
Kepler-763,2019,S
Kepler-764,2015,S
Kepler-765,2015,S
Kepler-766,2015,S
Kepler-767,2016,S
Kepler-768,2019,S
Kepler-769,2016,S
Kepler-77,2020,S
Kepler-770,2020,S
Kepler-771,2020,S
Kepler-772,2020,S
Kepler-773,2016,S
Kepler-774,2016,S
Kepler-775,2016,S
Kepler-776,2016,S
Kepler-777,2020,S
Kepler-778,2020,S
Kepler-779,2020,S
Kepler-78,2020,S
Kepler-780,2020,S
Kepler-781,2020,S
Kepler-782,2020,S
Kepler-783,2020,S
Kepler-784,2021,S
Kepler-785,2021,S
Kepler-786,2021,S
Kepler-787,2021,S
Kepler-788,2021,S
Kepler-789,2021,S
Kepler-79,2021,S
Kepler-790,2016,S
Kepler-791,2021,S
Kepler-792,2021,S
Kepler-793,2021,S
Kepler-794,2021,S
Kepler-795,2021,S
Kepler-796,2021,S
Kepler-797,2021,S
Kepler-798,2021,S
Kepler-799,2021,S
Kepler-8,2021,S
Kepler-80,2021,S
Kepler-800,2021,S
Kepler-801,2021,S
Kepler-802,2021,S
Kepler-803,2021,S
Kepler-804,2021,S
Kepler-805,2021,S
Kepler-806,2021,S
Kepler-808,2021,S
Kepler-809,2016,S
Kepler-81,2016,S
Kepler-810,2022,S
Kepler-811,2022,S
Kepler-812,2022,S
Kepler-813,2022,S
Kepler-814,2022,S
Kepler-815,2022,S
Kepler-816,2016,S
Kepler-817,2016,S
Kepler-818,2016,S
Kepler-819,2022,S
Kepler-82,2022,S
Kepler-820,2022,S
Kepler-821,2022,S
Kepler-822,2022,S
Kepler-823,2022,S
Kepler-824,2022,S
Kepler-825,2016,S
Kepler-826,2022,S
Kepler-827,2022,S
Kepler-828,2022,S
Kepler-829,2022,S
Kepler-83,2022,S
Kepler-830,2022,S
Kepler-831,2022,S
Kepler-832,2022,S
Kepler-833,2022,S
Kepler-834,2022,S
Kepler-835,2022,S
Kepler-836,2022,S
Kepler-837,2022,S
Kepler-838,2022,S
Kepler-839,2022,S
Kepler-84,2016,S
Kepler-841,2022,S
Kepler-842,2022,S
Kepler-843,2022,S
Kepler-844,2022,S
Kepler-845,2022,S
Kepler-846,2022,S
Kepler-847,2022,S
Kepler-848,2022,S
Kepler-849,2015,S
Kepler-85,2022,S
Kepler-850,2022,S
Kepler-851,2022,S
Kepler-852,2022,S
Kepler-853,2022,S
Kepler-855,2022,S
Kepler-856,2022,S
Kepler-857,2022,S
Kepler-858,2022,S
Kepler-859,2022,S
Kepler-860,2022,S
Kepler-861,2022,S
Kepler-862,2022,S
Kepler-996,2022,S
Kepler-997,2023,S
Kepler-998,2023,S
Kepler-999,2023,S
L 168-9,2024,S
L 363-38,2016,S
L 98-59,2016,S
LHS 1140,2016,S
LHS 1478,2016,S
LHS 1678,2016,S
LHS 1815,2019,S
LHS 3154,2016,S
LHS 3844,2016,S
LHS 475,2016,S
LP 714-47,2016,S
LP 791-18,2016,S
LP 890-9,2016,S
LSPM J2116+0234,2016,S
LTT 1445,2015,S
LTT 3780,2016,S
LTT 9779,2016,S
LkCa 15,2016,S
Luhman 16,2016,S
Lupus-TR-3,2016,S
M62H,2016,S
MASCARA-1,2016,S
MASCARA-4,2016,S
MOA-2007-BLG-192L,2015,S
MOA-2007-BLG-400L,2016,S
MOA-2008-BLG-310L,2016,S
MOA-2008-BLG-379L,2016,S
MOA-2009-BLG-266L,2016,S
MOA-2009-BLG-319L,2016,S
MOA-2009-BLG-387L,2016,S
MOA-2010-BLG-073L,2016,S
MOA-2010-BLG-117L,2016,S
MOA-2010-BLG-328L,2016,S
MOA-2010-BLG-353L,2016,S
MOA-2010-BLG-477L,2016,S
MOA-2011-BLG-028L,2016,S
MOA-2011-BLG-262L,2015,S
MOA-2011-BLG-291L,2015,S
MOA-2011-BLG-293L,2016,S
MOA-2011-BLG-322L,2016,S
MOA-2012-BLG-006L,2016,S
MOA-2012-BLG-505L,2016,S
MOA-2013-BLG-220L,2016,S
MOA-2013-BLG-605L,2016,S
MOA-2015-BLG-337L,2016,S
MOA-2016-BLG-227L,2016,S
MOA-2016-BLG-319L,2016,S
MOA-2016-BLG-526L,2016,S
MOA-2019-BLG-008L,2016,S
MOA-2020-BLG-135L,2016,S
MOA-2020-BLG-208L,2016,S
MOA-2022-BLG-249L,2015,S
MOA-2022-BLG-563L,2016,S
MOA-bin-1L,2016,S
MOA-bin-29,2016,S
MWC 758,2016,S
MXB 1658-298,2016,S
NGC 2682 Sand 1429,2016,S
NGC 2682 Sand 364,2016,S
NGC 2682 Sand 978,2012,S
NGC 2682 YBP 1194,2016,S
NGC 2682 YBP 1514,2017,S
NGC 2682 YBP 401,2017,S
NGTS-1,2016,S
NGTS-10,2016,S
NGTS-11,2017,S
NGTS-12,2016,S
NGTS-13,2017,S
NGTS-14,2017,S
NGTS-15,2012,S
NGTS-16,2017,S
NGTS-17,2018,S
NGTS-18,2019,S
NGTS-2,2019,S
NGTS-20,2013,S
NGTS-21,2016,S
NGTS-23,2014,S
NGTS-24,2014,S
NGTS-25,2015,S
NGTS-26,2015,S
NGTS-27,2017,S
NGTS-3,2014,S
NGTS-30,2014,S
TOI-6442,2014,S
NGTS-4,2021,S
NGTS-5,2015,S
NGTS-6,2022,S
NGTS-8,2015,S
NGTS-9,2015,S
NN Ser,2021,S
NSVS 14256825,2021,S
NY Vir,2015,S
OGLE-2003-BLG-235L,2015,S
OGLE-2005-BLG-071L,2018,S
OGLE-2005-BLG-169L,2023,S
OGLE-2005-BLG-390L,2019,S
OGLE-2006-BLG-109L,2018,S
OGLE-2006-BLG-284L,2019,S
OGLE-2007-BLG-349L,2018,S
OGLE-2007-BLG-368L,2024,S
OGLE-2008-BLG-092L,2020,S
OGLE-2008-BLG-355L,2020,S
OGLE-2011-BLG-0173L,2021,S
OGLE-2011-BLG-0251L,2018,S
OGLE-2011-BLG-0265L,2023,S
OGLE-2012-BLG-0026L,2022,S
OGLE-2012-BLG-0358L,2019,S
OGLE-2012-BLG-0406L,2019,S
OGLE-2012-BLG-0563L,2023,S
OGLE-2012-BLG-0724L,2021,S
OGLE-2012-BLG-0838L,2020,S
OGLE-2012-BLG-0950L,2022,S
OGLE-2013-BLG-0102L,2022,S
OGLE-2013-BLG-0132L,2022,S
OGLE-2013-BLG-0341L,2020,S
OGLE-2013-BLG-0911L,2023,S
OGLE-2013-BLG-1721L,2021,S
OGLE-2013-BLG-1761L,2020,S
OGLE-2014-BLG-0124L,2021,S
OGLE-2014-BLG-0221L,2021,S
OGLE-2014-BLG-0319L,2022,S
OGLE-2014-BLG-0676L,2019,S
OGLE-2014-BLG-1722L,2021,S
OGLE-2014-BLG-1760L,2022,S
OGLE-2015-BLG-0051L,2023,S
OGLE-2015-BLG-0954L,2023,S
OGLE-2015-BLG-0966L,2023,S
OGLE-2015-BLG-1649L,2021,S
OGLE-2015-BLG-1670L,2022,S
OGLE-2015-BLG-1771L,2020,S
OGLE-2016-BLG-0263L,2022,S
OGLE-2016-BLG-0613L,2022,S
OGLE-2016-BLG-1067L,2023,S
OGLE-2016-BLG-1093L,2020,S
OGLE-2016-BLG-1190L,2023,S
OGLE-2016-BLG-1195L,2022,S
OGLE-2016-BLG-1227L,2021,S
OGLE-2016-BLG-1598L,2023,S
OGLE-2016-BLG-1800L,2020,S
OGLE-2017-BLG-0173L,2023,S
OGLE-2017-BLG-0373L,2022,S
OGLE-2017-BLG-0406L,2021,S
OGLE-2017-BLG-0448L,2021,S
OGLE-2017-BLG-0482L,2022,S
OGLE-2017-BLG-0604L,2022,S
OGLE-2017-BLG-0640L,2022,S
OGLE-2017-BLG-1049L,2022,S
OGLE-2017-BLG-1099L,2022,S
OGLE-2017-BLG-1140L,2021,S
OGLE-2017-BLG-1237L,2023,S
OGLE-2017-BLG-1275L,2022,S
OGLE-2017-BLG-1375L,2023,S
OGLE-2017-BLG-1434L,2022,S
OGLE-2017-BLG-1522L,2022,S
OGLE-2017-BLG-1691L,2022,S
OGLE-2017-BLG-1806L,2023,S
OGLE-2018-BLG-0298L,2023,S
OGLE-2018-BLG-0383L,2022,S
OGLE-2018-BLG-0506L,2022,S
OGLE-2018-BLG-0516L,2022,S
OGLE-2018-BLG-0532L,2022,S
OGLE-2018-BLG-0567L,2023,S
OGLE-2018-BLG-0596L,2022,S
OGLE-2018-BLG-0677L,2022,S
OGLE-2018-BLG-0740L,2023,S
OGLE-2018-BLG-0799L,2022,S
OGLE-2018-BLG-0932L,2023,S
OGLE-2018-BLG-0962L,2022,S
OGLE-2018-BLG-0977L,2023,S
OGLE-2018-BLG-1011L,2024,S
OGLE-2018-BLG-1119L,2023,S
OGLE-2018-BLG-1126L,2023,S
OGLE-2018-BLG-1185L,2023,S
OGLE-2018-BLG-1212L,2024,S
OGLE-2018-BLG-1269L,2024,S
OGLE-2018-BLG-1367L,2024,S
OGLE-2018-BLG-1428L,2024,S
OGLE-2018-BLG-1647L,2024,S
OGLE-2018-BLG-1700L,2024,S
OGLE-2019-BLG-0249L,2024,S
OGLE-2019-BLG-0299L,2024,S
OGLE-2019-BLG-0304L,2024,S
OGLE-2019-BLG-0362L,2024,S
OGLE-2019-BLG-0468L,2015,S
OGLE-2019-BLG-0679L,2011,S
OGLE-2019-BLG-0954L,2013,S
OGLE-2019-BLG-0960L,2013,S
OGLE-2019-BLG-1053L,2019,S
OGLE-2019-BLG-1180L,2019,S
OGLE-2019-BLG-1470L,2020,S
OGLE-2019-BLG-1492L,2020,S
OGLE-2023-BLG-0836L,2021,S
OGLE-TR-10,2021,S
OGLE-TR-111,2010,S
OGLE-TR-113,2023,S
OGLE-TR-132,2021,S
OGLE-TR-182,2021,S
OGLE-TR-211,2013,S
OGLE-TR-56,2013,S
OGLE2-TR-L9,2013,S
Oph 11,2013,S
PDS 70,2013,S
PH1,2013,S
PH2,2018,S
POTS-1,2014,S
PSR B0329+54,2024,S
PSR B1257+12,2011,S
PSR B1620-26,2022,S
PSR J1719-1438,2013,S
PSR J2322-2650,2013,S
PZ Tel,2013,S
Pr0201,2013,S
Pr0211,2022,S
alf Cen,2018,S
Qatar-1,2014,S
Qatar-10,2011,S
Qatar-2,2011,S
Qatar-3,2011,S
Qatar-4,2014,S
Qatar-5,2014,S
Qatar-6,2014,S
Qatar-7,2014,S
Qatar-8,2016,S
Qatar-9,2016,S
ROXs 12,2016,S
ROXs 42,2016,S
RR Cae,2016,S
Ross 128,2016,S
Ross 458,2016,S
Ross 508,2016,S
SPECULOOS-3,2016,S
SR 12,2016,S
SWEEPS-11,2016,S
SWEEPS-4,2014,S
TAP 26,2014,S
TCP J05074264+2447555,2016,S
TIC 139270665,2016,S
TIC 172900988,2016,S
TIC 237913194,2016,S
TIC 241249530,2016,S
TIC 257060897,2016,S
TIC 279401253,2016,S
TIC 365102760,2016,S
TIC 393818343,2016,S
TIC 46432937,2014,S
TIC 4672985,2014,S
TOI-1052,2014,S
TOI-1062,2014,S
TOI-1064,2016,S
TOI-1075,2016,S
TOI-1107,2016,S
TOI-1130,2016,S
TOI-1135,2016,S
TOI-1136,2016,S
TOI-1173,2016,S
TOI-1174,2016,S
TOI-1180,2016,S
TOI-1181,2016,S
TOI-1184,2016,S
TOI-1194,2016,S
TOI-1199,2016,S
TOI-1201,2016,S
TOI-122,2016,S
TOI-1221,2014,S
TOI-1224,2014,S
TOI-1227,2016,S
TOI-1231,2016,S
TOI-1235,2016,S
TOI-1244,2016,S
TOI-1246,2016,S
TOI-1248,2016,S
TOI-1249,2016,S
TOI-125,2016,S
TOI-1259,2016,S
TOI-1260,2016,S
TOI-1266,2016,S
TOI-1268,2016,S
TOI-1269,2016,S
TOI-1272,2016,S
TOI-1273,2016,S
TOI-1278,2016,S
TOI-1279,2014,S
TOI-128,2014,S
TOI-1288,2014,S
TOI-1294,2016,S
TOI-1295,2016,S
TOI-1296,2016,S
TOI-1298,2016,S
TOI-1301,2016,S
TOI-132,2016,S
TOI-1333,2016,S
TOI-1338,2016,S
TOI-1347,2016,S
TOI-1386,2014,S
TOI-139,2014,S
TOI-1408,2014,S
TOI-1410,2016,S
TOI-1411,2016,S
TOI-1416,2016,S
TOI-1420,2016,S
TOI-1422,2016,S
TOI-1431,2016,S
TOI-1437,2016,S
TOI-1439,2016,S
TOI-1442,2016,S
TOI-1443,2016,S
TOI-1444,2014,S
TOI-1448,2014,S
TOI-1450,2016,S
TOI-1451,2016,S
TOI-1452,2016,S
TOI-1467,2016,S
TOI-1468,2016,S
TOI-5218,2016,S
TOI-5232,2016,S
TOI-5238,2016,S
TOI-5293,2016,S
TOI-530,2016,S
TOI-5301,2016,S
TOI-5319,2014,S
TOI-532,2014,S
TOI-5344,2016,S
TOI-5388,2016,S
TOI-5398,2016,S
TOI-540,2016,S
TOI-544,2016,S
TOI-5542,2016,S
TOI-558,2016,S
TOI-559,2016,S
TOI-561,2016,S
TOI-5616,2010,S
TOI-5634,2010,S
TOI-564,2010,S
TOI-5678,2010,S
TOI-5688,2014,S
TOI-5704,2014,S
TOI-5713,2016,S
TOI-5720,2016,S
TOI-5726,2016,S
TOI-5786,2016,S
TOI-5799,2016,S
TOI-5803,2016,S
TOI-6002,2016,S
TOI-6008,2016,S
TOI-6016,2016,S
TOI-6029,2016,S
TOI-6034,2014,S
TOI-6038,2014,S
TOI-6054,2016,S
TOI-6086,2016,S
TOI-6130,2016,S
TOI-615,2016,S
TOI-620,2016,S
TOI-622,2016,S
TOI-6255,2016,S
TOI-628,2016,S
TOI-6383,2016,S
TOI-640,2014,S
TOI-654,2014,S
TOI-663,2016,S
TOI-6651,2016,S
TOI-669,2016,S
TOI-672,2016,S
TOI-674,2016,S
TOI-677,2016,S
TOI-700,2016,S
TOI-712,2014,S
TOI-715,2016,S
TOI-733,2016,S
TOI-757,2016,S
TOI-762,2016,S
TOI-763,2016,S
TOI-771,2016,S
TOI-776,2016,S
TOI-778,2016,S
TOI-782,2016,S
HD 307842,2014,S
TOI-813,2014,S
TOI-815,2014,S
TOI-824,2016,S
TOI-833,2016,S
TOI-836,2016,S
TOI-837,2016,S
TOI-849,2016,S
TOI-858,2016,S
TOI-871,2016,S
TOI-880,2016,S
TOI-892,2016,S
TOI-904,2014,S
TOI-905,2016,S
TOI-907,2016,S
TOI-908,2016,S
TOI-913,2016,S
TOI-942,2016,S
TOI-954,2016,S
TOI-969,2016,S
TRAPPIST-1,2016,S
TYC 0434-04538-1,2016,S
TYC 1422-614-1,2016,S
TYC 2187-512-1,2016,S
TYC 3318-01333-1,2016,S
TYC 3667-1280-1,2016,S
TYC 4282-00605-1,2016,S
TYC 8998-760-1,2016,S
Teegarden's Star,2014,S
TrES-1,2016,S
TrES-2,2016,S
TrES-3,2016,S
TrES-4,2016,S
TrES-5,2016,S
UCAC3 113-933,2016,S
UCAC4 328-061594,2016,S
UKIRT-2017-BLG-001L,2016,S
USco CTIO 108,2016,S
USco1556 A,2014,S
USco1621 A,2014,S
UZ For,2016,S
V0391 Peg,2016,S
V1298 Tau,2016,S
V830 Tau,2016,S
VHS J125601.92-125723.9,2016,S
WASP-1,2016,S
WASP-10,2016,S
WASP-100,2014,S
WASP-101,2014,S
WASP-103,2016,S
WASP-104,2016,S
WASP-105,2016,S
WASP-106,2016,S
WASP-107,2016,S
WASP-11,2016,S
WASP-110,2016,S
WASP-113,2016,S
WASP-114,2016,S
WASP-117,2011,S
WASP-118,2014,S
WASP-119,2014,S
WASP-12,2016,S
WASP-120,2016,S
WASP-121,2016,S
WASP-123,2016,S
WASP-124,2016,S
WASP-126,2016,S
WASP-127,2016,S
WASP-129,2016,S
WASP-13,2016,S
WASP-130,2014,S
WASP-131,2014,S
WASP-132,2016,S
WASP-133,2016,S
WASP-135,2016,S
WASP-136,2016,S
WASP-138,2016,S
WASP-139,2016,S
WASP-14,2016,S
WASP-140,2016,S
WASP-141,2014,S
WASP-142,2014,S
WASP-144,2014,S
WASP-145,2014,S
WASP-147,2014,S
WASP-148,2016,S
WASP-15,2016,S
WASP-150,2016,S
WASP-151,2016,S
WASP-153,2016,S
WASP-156,2016,S
WASP-157,2016,S
WASP-158,2016,S
WASP-159,2016,S
WASP-16,2014,S
WASP-160,2014,S
WASP-84,2016,S
WASP-85,2016,S
WASP-87,2016,S
WASP-88,2016,S
WASP-89,2016,S
WASP-90,2016,S
WASP-91,2016,S
WASP-92,2016,S
WASP-93,2016,S
WASP-94,2016,S
WASP-95,2014,S
WASP-96,2014,S
WASP-97,2016,S
WASP-98,2016,S
WASP-99,2016,S
WD 0806-661,2016,S
WD 1856+534,2016,S
WISE J033605.05-014350.4,2016,S
WISEP J121756.91+162640.2 A,2016,S
WTS-1,2016,S
WTS-2,2016,S
Wendelstein-1,2016,S
Wendelstein-2,2016,S
Wolf 1061,2014,S
Wolf 1069,2016,S
Wolf 327,2016,S
Wolf 503,2016,S
XO-1,2016,S
XO-2,2016,S
XO-3,2016,S
XO-4,2016,S
XO-5,2016,S
XO-6,2016,S
XO-7,2014,S
YSES 2,2014,S
YZ Cet,2014,S
alf Ari,2016,S
alf Tau,2016,S
b Cen,2016,S
bet Cnc,2016,S
bet Pic,2016,S
bet UMi,2016,S
eps CrB,2016,S
eps Eri,2016,S
eps Ind,2014,S
eps Tau,2014,S
gam Cep,2014,S
gam Lib,2016,S
gam Psc,2016,S
gam Leo,2016,S
iot Dra,2016,S
kap And,2016,S
kap CrB,2016,S
mu Leo,2016,S
mu2 Sco,2016,S
nu Oct,2013,S
nu Oph,2013,S
ome Ser,2016,S
omi CrB,2016,S
omi UMa,2016,S
HD 39091,2016,S
psi1 Dra,2016,S
rho CrB,2016,S
tau Boo,2014,S
tau Cet,2014,S
tau Gem,2016,S
ups And,2016,S
ups Leo,2016,S
xi Aql,2016,S
