Star Name,Spectral Type,Stellar Radius [Solar Radius],Element Composition,Discovery Year,Host Name
11 Com,G8 III,13.76,Hydrogen,2007,11 Com
11 UMi,K4 III,29.79,Xenon,2009,11 UMi
14 And,K0 III,11.55,Hydrogen,2008,14 And
14 Her,K0 V,0.93,Hydrogen,2002,14 Her
16 Cyg,G3 V,1.13,Hydrogen,1996,16 Cyg B
17 Sco,K3 III,25.92,Hydrogen,2020,17 Sco
18 Del,G6 III,8.8,Hydrogen,2008,18 Del
1RXS J160929.1-210524,K7 V,1.31,Hydrogen,2008,1RXS J160929.1-210524
24 Boo,G3 IV,12.19,Hydrogen,2018,24 Boo
24 Sex,K0 IV,4.9,Hydrogen,2010,24 Sex
2MASS J04372171+2651014,M V,0.84,Hydrogen,2021,2MASS J04372171+2651014
2MASS J01033563-5515561,M5.5/M6,,Hydrogen,2013,2MASS J01033563-5515561 A
2MASS J01225093-2439505,M3.5 V,0.37,Hydrogen,2013,2MASS J01225093-2439505
2MASS J02192210-3925225,M6,0.28,Hydrogen,2015,2MASS J02192210-3925225
2MASS J0249-0557,M6 V,0.32,Hydrogen,2018,2MASS J0249-0557 A
2MASS J03590986+2009361,,0.29,Hydrogen,2024,2MASS J03590986+2009361
2MASS J04414489+2301513,M8.5,0.23,Hydrogen,2010,2MASS J04414489+2301513
2MASS J11011926-7732383,,,Hydrogen,2024,2MASS J11011926-7732383
2MASS J11550485-7919108,,0.6,Hydrogen,2024,2MASS J11550485-7919108
2MASS J12073346-3932539,M8,0.22,Hydrogen,2004,2MASS J12073346-3932539
2MASS J19383260+4603591,,0.2,Hydrogen,2015,2MASS J19383260+4603591
2MASS J21252752-8138278,,0.67,Hydrogen,2024,2MASS J21252752-8138278
2MASS J22362452+4751425,K7 V,0.64,Hydrogen,2016,2MASS J22362452+4751425
30 Ari,F6 V,1.41,Hydrogen,2009,30 Ari B
4 UMa,K1 III,18.11,Hydrogen,2006,4 UMa
42 Dra,K1.5 III,22.03,Hydrogen,2008,42 Dra
47 UMa,G0 V,1.21,Hydrogen,1996,47 UMa
51 Eri,F0 IV,1.49,Hydrogen,2015,51 Eri
51 Peg,G5V,1.18,Hydrogen,1995,51 Peg
55 Cnc,K0 IV-V,0.94,Hydrogen,1996,55 Cnc
6 Lyn,K0 IV,4.94,Hydrogen,2008,6 Lyn
61 Vir,G5 V,0.96,Hydrogen,2009,61 Vir
7 CMa,K1 III,4.87,Hydrogen,2011,7 CMa
70 Vir,G5V,1.89,Hydrogen,1996,70 Vir
75 Cet,G3 III,10.38,Hydrogen,2012,75 Cet
8 UMi,K0,10.3,Hydrogen,2015,8 UMi
81 Cet,G5 III,11.21,Hydrogen,2008,81 Cet
91 Aqr,K0 III,11,Hydrogen,2013,91 Aqr
AB Aur,,2.96,Hydrogen,2022,AB Aur
AB Pic,K2 V,1,Hydrogen,2005,AB Pic
AF Lep,F8 V,1.25,Hydrogen,2023,AF Lep
AU Mic,M1,0.74,Hydrogen,2020,AU Mic
BD+03 2562,,32.35,Hydrogen,2017,BD+03 2562
BD+14 4559,K2 V,0.86,Hydrogen,2009,BD+14 4559
BD+15 2375,G5,8.95,Hydrogen,2016,BD+15 2375
BD+15 2940,K0,14.7,Hydrogen,2013,BD+15 2940
BD+20 2457,K2 II,49,Hydrogen,2009,BD+20 2457
BD+20 274,K5 III,17.3,Hydrogen,2012,BD+20 274
BD+20 594,G,1.08,Hydrogen,2016,BD+20 594
BD+45 564,K1,0.81,Hydrogen,2021,BD+45 564
BD+48 738,K0 III,11,Hydrogen,2011,BD+48 738
BD+48 740,K3 III,10.33,Hydrogen,2018,BD+48 740
BD+49 828,K0,7.6,Hydrogen,2015,BD+49 828
BD+55 362,K3,0.9,Hydrogen,2021,BD+55 362
BD+60 1417,K0,0.8,Hydrogen,2021,BD+60 1417
BD+63 1405,K0,0.8,Hydrogen,2021,BD+63 1405
BD-06 1339,K7/M0 V,0.69,Hydrogen,2013,BD-06 1339
BD-08 2823,K3 V,0.71,Hydrogen,2009,BD-08 2823
BD-10 3166,K0 V,0.91,Hydrogen,2000,BD-10 3166
BD-11 4672,K7 V,0.64,Hydrogen,2014,BD-11 4672
BD-13 2130,G5 IV/V,19.17,Hydrogen,2007,BD-13 2130
BD-14 3065,,2.35,Hydrogen,2024,BD-14 3065 A
BD-17 63,K5 V,0.74,Hydrogen,2008,BD-17 63
BD-210397,K7 V,0.75,Hydrogen,2023,BD-210397
Barnard's star,M3.5-4 V,0.18,Hydrogen,2024,Barnard's star
CD Cet,M5.0 V,0.17,Hydrogen,2020,CD Cet
CFBDSIR J145829+101343,,,Hydrogen,2011,CFBDSIR J145829+101343
CFHTWIR-Oph 98,M9-L1,0.24,Hydrogen,2021,CFHTWIR-Oph 98 A
CHXR 73,M3.5,,Hydrogen,2006,CHXR 73
CI Tau,K7,1.88,Hydrogen,2024,CI Tau
COCONUTS-2,M3 V,0.39,Hydrogen,2021,COCONUTS-2 A
CT Cha,K5e,1.68,Hydrogen,2007,CT Cha
CoRoT-1,G0 V,1.11,Hydrogen,2008,CoRoT-1
CoRoT-10,K1 V,0.79,Hydrogen,2010,CoRoT-10
CoRoT-11,F6 V,1.37,Hydrogen,2010,CoRoT-11
CoRoT-12,,1.05,Hydrogen,2010,CoRoT-12
CoRoT-13,G0 V,1.01,Hydrogen,2010,CoRoT-13
CoRoT-14,F9 V,1.21,Hydrogen,2010,CoRoT-14
CoRoT-16,G5 V,1.19,Hydrogen,2011,CoRoT-16
CoRoT-17,G2 V,1.59,Hydrogen,2011,CoRoT-17
CoRoT-18,G9 V,0.88,Hydrogen,2011,CoRoT-18
CoRoT-19,F9 V,1.65,Hydrogen,2011,CoRoT-19
CoRoT-2,,0.91,Hydrogen,2008,CoRoT-2
CoRoT-20,G2 V,1.37,Hydrogen,2011,CoRoT-20
CoRoT-21,F8 IV,1.95,Hydrogen,2012,CoRoT-21
CoRoT-22,G3 V,1.14,Hydrogen,2014,CoRoT-22
CoRoT-23,G0 V,1.61,Hydrogen,2011,CoRoT-23
CoRoT-24,K1 V,0.86,Hydrogen,2014,CoRoT-24
CoRoT-25,F9,1.19,Hydrogen,2013,CoRoT-25
CoRoT-26,G5,1.79,Hydrogen,2013,CoRoT-26
CoRoT-27,G2,1.08,Hydrogen,2014,CoRoT-27
CoRoT-28,G8/9 IV,1.78,Hydrogen,2015,CoRoT-28
CoRoT-29,K0 V,0.9,Hydrogen,2015,CoRoT-29
CoRoT-3,F3 V,1.56,Hydrogen,2008,CoRoT-3
CoRoT-30,G3 V,0.91,Hydrogen,2020,CoRoT-30
CoRoT-31,G2 IV,2.15,Hydrogen,2020,CoRoT-31
CoRoT-35,F6 V,1.65,Hydrogen,2022,CoRoT-35
CoRoT-36,F3 V,1.52,Hydrogen,2022,CoRoT-36
CoRoT-4,,1.17,Hydrogen,2008,CoRoT-4
CoRoT-5,F9 V,1.11,Hydrogen,2009,CoRoT-5
CoRoT-6,F9 V,1.03,Hydrogen,2009,CoRoT-6
CoRoT-7,G9 V,0.83,Hydrogen,2009,CoRoT-7
CoRoT-8,K1 V,0.8,Hydrogen,2010,CoRoT-8
CoRoT-9,G3 V,0.96,Hydrogen,2009,CoRoT-9
CoRoTID 223977153,G0 VI,0.79,Hydrogen,2017,CoRoTID 223977153
DE CVn,,0.42,Hydrogen,2018,DE CVn
DENIS-P J082303.1-491201,L1.5,,Hydrogen,2013,DENIS-P J082303.1-491201
DH Tau,M0.5,0.27,Hydrogen,2004,DH Tau
DMPP-1,F8 V,1.26,Hydrogen,2019,DMPP-1
DMPP-2,F5 V,1.78,Hydrogen,2019,DMPP-2
DMPP-3,K0 V,0.91,Hydrogen,2019,DMPP-3 A
DMPP-4,F5-F8 V,1.38,Hydrogen,2023,DMPP-4
DP Leo,,0.01,Hydrogen,2009,DP Leo
DS Tuc,G6 V,0.96,Hydrogen,2019,DS Tuc A
EPIC 201170410,,0.28,Hydrogen,2020,EPIC 201170410
EPIC 201238110,,0.37,Hydrogen,2019,EPIC 201238110
EPIC 201427007,,0.94,Hydrogen,2021,EPIC 201427007
EPIC 201497682,,0.55,Hydrogen,2019,EPIC 201497682
EPIC 201595106,,0.98,Hydrogen,2021,EPIC 201595106
K2-166,,1.6,Hydrogen,2019,K2-166
K2-16,K3 V,0.54,Hydrogen,2019,K2-16
EPIC 201757695,,0.66,Hydrogen,2020,EPIC 201757695
K2-50,,0.63,Hydrogen,2019,K2-50
EPIC 201841433,,0.63,Hydrogen,2019,EPIC 201841433
K2-168,,0.83,Hydrogen,2019,K2-168
EPIC 206024342,,0.82,Hydrogen,2019,EPIC 206024342
EPIC 206032309,,0.37,Hydrogen,2019,EPIC 206032309
EPIC 206042996,,0.5,Hydrogen,2019,EPIC 206042996
EPIC 206215704,,0.25,Hydrogen,2019,EPIC 206215704
EPIC 206317286,,0.67,Hydrogen,2019,EPIC 206317286
EPIC 211822797,M0,0.58,Hydrogen,2016,EPIC 211822797
EPIC 211945201,G0,1.39,Hydrogen,2018,EPIC 211945201
EPIC 212297394,,0.8,Hydrogen,2019,EPIC 212297394
EPIC 212424622,,1.22,Hydrogen,2019,EPIC 212424622
EPIC 212499991,,0.76,Hydrogen,2019,EPIC 212499991
EPIC 212587672,,0.98,Hydrogen,2019,EPIC 212587672
EPIC 212624936,,0.93,Hydrogen,2021,EPIC 212624936
EPIC 212737443,K3,0.67,Hydrogen,2019,EPIC 212737443
EPIC 220492298,,0.89,Hydrogen,2021,EPIC 220492298
K2-282,,1,Hydrogen,2019,K2-282
EPIC 220674823,G5 V,0.99,Hydrogen,2016,EPIC 220674823
EPIC 228836835,,0.32,Hydrogen,2021,EPIC 228836835
EPIC 229004835,,1,Hydrogen,2023,EPIC 229004835
EPIC 246851721,F5 V,1.59,Hydrogen,2018,EPIC 246851721
EPIC 248847494,,2.7,Hydrogen,2018,EPIC 248847494
EPIC 249893012,G8 IV/V,1.71,Hydrogen,2020,EPIC 249893012
FU Tau,M7.25,,Hydrogen,2008,FU Tau
G 196-3,,0.52,Hydrogen,2024,G 196-3
G 264-012,M4.0 V,0.3,Hydrogen,2021,G 264-012
G 9-40,M2.5 V,0.3,Hydrogen,2019,G 9-40
GJ 1002,M5.5 V,0.14,Hydrogen,2022,GJ 1002
GJ 1061,M5.5 V,0.16,Hydrogen,2020,GJ 1061
GJ 1132,M4.5 V,0.22,Hydrogen,2015,GJ 1132
GJ 1148,M5,0.36,Hydrogen,2010,GJ 1148
GJ 1151,M 4.5V,0.18,Hydrogen,2023,GJ 1151
GJ 1214,M4 V,0.22,Hydrogen,2009,GJ 1214
GJ 1252,M3,0.39,Hydrogen,2020,GJ 1252
GJ 1265,M4.5 V,0.19,Hydrogen,2018,GJ 1265
GJ 143,K4.5,0.7,Hydrogen,2019,GJ 143
GJ 15,M1,0.38,Hydrogen,2014,GJ 15 A
GJ 160.2,M0 V,0.66,Hydrogen,2014,GJ 160.2
GJ 163,M,0.41,Hydrogen,2013,GJ 163
GJ 179,M3.5 V,0.38,Hydrogen,2009,GJ 179
GJ 180,M2 V,0.41,Hydrogen,2014,GJ 180
GJ 2030,,2.24,Hydrogen,2022,GJ 2030
GJ 2056,M0V:,0.71,Hydrogen,2020,GJ 2056
GJ 229,,0.46,Hydrogen,2020,GJ 229
GJ 238,M2.5 V,0.43,Hydrogen,2024,GJ 238
GJ 251,M3.0 V,0.36,Hydrogen,2020,GJ 251
GJ 27.1,M0.5 V,0.52,Hydrogen,2014,GJ 27.1
GJ 273,M3.5,0.29,Hydrogen,2017,GJ 273
GJ 3021,G6 V,0.9,Hydrogen,2000,GJ 3021
GJ 3082,M4,0.47,Hydrogen,2020,GJ 3082
GJ 3090,M2 V,0.52,Hydrogen,2022,GJ 3090
GJ 3138,M0,0.5,Hydrogen,2017,GJ 3138
GJ 317,M2.5 V,0.43,Hydrogen,2007,GJ 317
HIP 15799,K0V,0.93,Hydrogen,2022,GJ 3222
GJ 328,M0.0,0.63,Hydrogen,2013,GJ 328
GJ 3293,M2.5,0.4,Hydrogen,2015,GJ 3293
GJ 3323,M4,0.12,Hydrogen,2017,GJ 3323
GJ 3341,M2.5,0.44,Hydrogen,2015,GJ 3341
GJ 338,M0 V,0.58,Hydrogen,2020,GJ 338 B
GJ 3470,M1.5,0.5,Hydrogen,2012,GJ 3470
GJ 3473,M4,0.36,Hydrogen,2020,GJ 3473
GJ 3512,M5.5 V,0.14,Hydrogen,2019,GJ 3512
GJ 357,M2.5 V,0.34,Hydrogen,2019,GJ 357
GJ 3634,M2.5,0.43,Hydrogen,2010,GJ 3634
GJ 367,M1.0 V,0.46,Hydrogen,2021,GJ 367
GJ 3779,M4.0 V,0.28,Hydrogen,2018,GJ 3779
GJ 3929,M3.5 V,0.32,Hydrogen,2022,GJ 3929
GJ 393,M2.0 V,0.43,Hydrogen,2021,GJ 393
GJ 3942,M0,0.61,Hydrogen,2017,GJ 3942
GJ 3988,M4.5 V,0.2,Hydrogen,2023,GJ 3988
GJ 3998,M1,0.49,Hydrogen,2016,GJ 3998
GJ 411,M1.5 V,0.37,Hydrogen,2019,GJ 411
GJ 414,K7 V,0.68,Hydrogen,2021,GJ 414 A
GJ 422,M3.5 V,0.37,Hydrogen,2014,GJ 422
GJ 4276,M4.0,0.41,Hydrogen,2019,GJ 4276
GJ 433,M1.5 V,0.5,Hydrogen,2011,GJ 433
GJ 436,M2.5 V,0.46,Hydrogen,2004,GJ 436
GJ 463,M3 V,0.49,Hydrogen,2022,GJ 463
GJ 480,M3.5 Ve,0.46,Hydrogen,2020,GJ 480
GJ 486,M3.5 V,0.32,Hydrogen,2021,GJ 486
GJ 504,G0 V,1.26,Hydrogen,2013,GJ 504
GJ 514,M0.5-1.0 V,0.5,Hydrogen,2022,GJ 514
GJ 536,M1 V,0.5,Hydrogen,2016,GJ 536
GJ 581,M3 V,0.33,Hydrogen,2005,GJ 581
GJ 625,M2,0.31,Hydrogen,2017,GJ 625
GJ 649,M1.0,0.5,Hydrogen,2009,GJ 649
GJ 667,M1.5 V,,Hydrogen,2012,GJ 667 C
GJ 674,M2.5,0.36,Hydrogen,2007,GJ 674
GJ 676,M0 V,0.69,Hydrogen,2010,GJ 676 A
HIP 86057,K5,0.46,Hydrogen,2022,GJ 680
GJ 682,M3.5 V,0.3,Hydrogen,2014,GJ 682
GJ 685,M0.5,0.54,Hydrogen,2019,GJ 685
GJ 687,M3 V,0.42,Hydrogen,2014,GJ 687
GJ 720,M0.5 V,0.56,Hydrogen,2021,GJ 720 A
GJ 724,M1.0 V,0.52,Hydrogen,2023,GJ 724
GJ 740,M1.0 V,0.56,Hydrogen,2021,GJ 740
GJ 806,M1.5 V,0.41,Hydrogen,2023,GJ 806
GJ 832,M2/3 V,0.44,Hydrogen,2008,GJ 832
GJ 849,M3.5,0.45,Hydrogen,2006,GJ 849
GJ 86,K1V,0.77,Hydrogen,1999,GJ 86
GJ 876,M4 V,0.3,Hydrogen,1998,GJ 876
GJ 887,M1 V,0.47,Hydrogen,2020,GJ 887
GJ 896,M3.5 V,0.39,Hydrogen,2022,GJ 896 A
GJ 900,K7,0.72,Hydrogen,2024,GJ 900 A
GJ 9066,M5.0 V,0.16,Hydrogen,2020,GJ 9066
GJ 9404,M2V,0.63,Hydrogen,2023,GJ 9404
GJ 96,M2,0.58,Hydrogen,2018,GJ 96
GJ 9689,M0.5,0.57,Hydrogen,2020,GJ 9689
HIP 103768,K5V,0.66,Hydrogen,2022,GJ 9714
GJ 9827,K7 V,0.6,Hydrogen,2017,GJ 9827
GPX-1,F2,1.56,Hydrogen,2021,GPX-1
GQ Lup,K7e V,1.94,Hydrogen,2004,GQ Lup
GSC 06214-00210,K7,0.9,Hydrogen,2010,GSC 06214-00210
GU Psc,M3,0.45,Hydrogen,2014,GU Psc
Gaia-1,,0.95,Hydrogen,2022,Gaia-1
Gaia-2,,1.06,Hydrogen,2022,Gaia-2
Gaia22dkvL,,,Hydrogen,2024,Gaia22dkvL
Gl 378,M1,0.56,Hydrogen,2019,Gl 378
Gl 49,M1.5 V,0.51,Hydrogen,2019,Gl 49
Gl 686,M1.0 V,0.43,Hydrogen,2018,Gl 686
Gliese 12,M3.0 V,0.26,Hydrogen,2024,Gliese 12
HAT-P-1,G0 V,1.17,Hydrogen,2006,HAT-P-1
HAT-P-11,K4,0.68,Hydrogen,2008,HAT-P-11
HAT-P-12,K4,0.7,Hydrogen,2009,HAT-P-12
HAT-P-13,G4,1.76,Hydrogen,2009,HAT-P-13
HAT-P-14,F5 V,1.82,Hydrogen,2010,HAT-P-14
HAT-P-15,G5,1.07,Hydrogen,2010,HAT-P-15
HAT-P-16,F8,1.24,Hydrogen,2010,HAT-P-16
HAT-P-17,,0.84,Hydrogen,2010,HAT-P-17
HAT-P-18,K2,0.75,Hydrogen,2010,HAT-P-18
HAT-P-19,K1,0.77,Hydrogen,2010,HAT-P-19
HAT-P-2,F8,1.39,Hydrogen,2007,HAT-P-2
HAT-P-20,K3,0.69,Hydrogen,2010,HAT-P-20
HAT-P-21,G3,1.21,Hydrogen,2010,HAT-P-21
HAT-P-22,G5 V,1.11,Hydrogen,2010,HAT-P-22
HAT-P-23,G0,1.2,Hydrogen,2010,HAT-P-23
HAT-P-24,F8,1.32,Hydrogen,2010,HAT-P-24
HAT-P-25,G5,0.92,Hydrogen,2010,HAT-P-25
HAT-P-26,K1,0.87,Hydrogen,2010,HAT-P-26
HAT-P-27,G8,0.86,Hydrogen,2011,HAT-P-27
HAT-P-28,G3,1.1,Hydrogen,2011,HAT-P-28
HAT-P-29,F8,1.3,Hydrogen,2011,HAT-P-29
HAT-P-3,K1,0.86,Hydrogen,2007,HAT-P-3
HAT-P-30,F7,1.31,Hydrogen,2011,HAT-P-30
HAT-P-31,,1.39,Hydrogen,2011,HAT-P-31
HAT-P-32,,1.37,Hydrogen,2011,HAT-P-32
HAT-P-33,F4,1.64,Hydrogen,2011,HAT-P-33
HAT-P-34,,1.53,Hydrogen,2011,HAT-P-34
HAT-P-35,,1.44,Hydrogen,2011,HAT-P-35
HAT-P-36,G5 V,1.04,Hydrogen,2011,HAT-P-36
HAT-P-37,,0.88,Hydrogen,2011,HAT-P-37
HAT-P-38,G5,0.92,Hydrogen,2012,HAT-P-38
HAT-P-39,,1.76,Hydrogen,2012,HAT-P-39
HAT-P-4,F,1.62,Hydrogen,2007,HAT-P-4
HAT-P-40,,1.94,Hydrogen,2012,HAT-P-40
HAT-P-41,,2.05,Hydrogen,2012,HAT-P-41
HAT-P-42,,1.41,Hydrogen,2012,HAT-P-42
HAT-P-43,F9,1.08,Hydrogen,2012,HAT-P-43
HAT-P-44,,0.95,Hydrogen,2014,HAT-P-44
HAT-P-45,,1.32,Hydrogen,2014,HAT-P-45
HAT-P-46,,1.4,Hydrogen,2014,HAT-P-46
HAT-P-49,F3,1.87,Hydrogen,2014,HAT-P-49
HAT-P-5,G,1.12,Hydrogen,2007,HAT-P-5
HAT-P-50,F5,1.7,Hydrogen,2015,HAT-P-50
HAT-P-51,G7,0.99,Hydrogen,2015,HAT-P-51
HAT-P-52,K1,0.89,Hydrogen,2015,HAT-P-52
HAT-P-53,,1.21,Hydrogen,2015,HAT-P-53
HAT-P-54,K7,0.62,Hydrogen,2015,HAT-P-54
HAT-P-55,,1.1,Hydrogen,2015,HAT-P-55
HAT-P-56,F8,1.43,Hydrogen,2015,HAT-P-56
HAT-P-57,A8 V,1.85,Hydrogen,2015,HAT-P-57
HAT-P-58,,1.53,Hydrogen,2021,HAT-P-58
HAT-P-59,,1.1,Hydrogen,2021,HAT-P-59
HAT-P-6,,1.62,Hydrogen,2007,HAT-P-6
HAT-P-60,,2.2,Hydrogen,2021,HAT-P-60
HAT-P-61,,0.94,Hydrogen,2021,HAT-P-61
HAT-P-62,,1.17,Hydrogen,2021,HAT-P-62
HAT-P-63,,0.97,Hydrogen,2021,HAT-P-63
HAT-P-64,,1.74,Hydrogen,2021,HAT-P-64
HAT-P-65,G2,1.67,Hydrogen,2016,HAT-P-65
HAT-P-66,G0,1.88,Hydrogen,2016,HAT-P-66
HAT-P-67,,2.55,Hydrogen,2017,HAT-P-67
HAT-P-68,K,0.67,Hydrogen,2020,HAT-P-68
HAT-P-69,,1.93,Hydrogen,2019,HAT-P-69
HAT-P-7,,2,Hydrogen,2008,HAT-P-7
HAT-P-70,,1.86,Hydrogen,2019,HAT-P-70
HAT-P-8,F6,1.57,Hydrogen,2008,HAT-P-8
HAT-P-9,F7,1.34,Hydrogen,2008,HAT-P-9
HATS-1,,1.04,Hydrogen,2012,HATS-1
HATS-10,,1.1,Hydrogen,2015,HATS-10
HATS-11,G0,1.54,Hydrogen,2016,HATS-11
HATS-12,F,1.17,Hydrogen,2016,HATS-12
HATS-13,,0.89,Hydrogen,2015,HATS-13
HATS-14,,0.93,Hydrogen,2015,HATS-14
HATS-15,G9 V,0.92,Hydrogen,2016,HATS-15
HATS-16,G3 V,1.24,Hydrogen,2016,HATS-16
HATS-17,G V,1.09,Hydrogen,2016,HATS-17
HATS-18,G V,1.02,Hydrogen,2016,HATS-18
HATS-2,K,0.88,Hydrogen,2013,HATS-2
HATS-22,K V,0.69,Hydrogen,2017,HATS-22
HATS-23,G V,1.2,Hydrogen,2017,HATS-23
HATS-24,F V,1.12,Hydrogen,2017,HATS-24
HATS-25,G,1.11,Hydrogen,2016,HATS-25
HATS-26,F,2.04,Hydrogen,2016,HATS-26
HATS-27,F,1.74,Hydrogen,2016,HATS-27
HATS-28,G,0.92,Hydrogen,2016,HATS-28
HATS-29,G,1.07,Hydrogen,2016,HATS-29
HATS-3,F,1.4,Hydrogen,2013,HATS-3
HATS-30,G,1.06,Hydrogen,2016,HATS-30
HATS-31,,1.87,Hydrogen,2016,HATS-31
HATS-32,,1.1,Hydrogen,2016,HATS-32
HATS-33,,1.02,Hydrogen,2016,HATS-33
HATS-34,,0.98,Hydrogen,2016,HATS-34
HATS-35,,1.43,Hydrogen,2016,HATS-35
HATS-36,G0 V,1.1,Hydrogen,2018,HATS-36
HATS-37,,0.88,Hydrogen,2020,HATS-37 A
HATS-38,,1.1,Hydrogen,2020,HATS-38
HATS-39,,1.62,Hydrogen,2018,HATS-39
HATS-4,G,0.93,Hydrogen,2014,HATS-4
HATS-40,,2.26,Hydrogen,2018,HATS-40
HATS-41,,1.71,Hydrogen,2018,HATS-41
HATS-42,,1.48,Hydrogen,2018,HATS-42
HATS-43,,0.81,Hydrogen,2018,HATS-43
HATS-44,,0.85,Hydrogen,2018,HATS-44
HATS-45,,1.32,Hydrogen,2018,HATS-45
HATS-46,,0.85,Hydrogen,2018,HATS-46
HATS-47,,0.66,Hydrogen,2020,HATS-47
HATS-48,,0.72,Hydrogen,2020,HATS-48 A
HATS-49,,0.7,Hydrogen,2020,HATS-49
HATS-5,G,0.87,Hydrogen,2014,HATS-5
HATS-50,,1.12,Hydrogen,2017,HATS-50
HATS-51,,1.44,Hydrogen,2017,HATS-51
HATS-52,,1.05,Hydrogen,2017,HATS-52
HATS-53,,1.1,Hydrogen,2017,HATS-53
HATS-54,G6 V,1.23,Hydrogen,2019,HATS-54
HATS-55,,1.13,Hydrogen,2019,HATS-55
HATS-56,,2.2,Hydrogen,2019,HATS-56
HATS-57,,0.96,Hydrogen,2019,HATS-57
HATS-58,,1.43,Hydrogen,2019,HATS-58 A
HATS-59,,1.04,Hydrogen,2018,HATS-59
HATS-6,M1 V,0.57,Hydrogen,2015,HATS-6
HATS-60,,1.46,Hydrogen,2018,HATS-60
HATS-61,,1.66,Hydrogen,2018,HATS-61
HATS-62,,0.93,Hydrogen,2018,HATS-62
HATS-63,,1.07,Hydrogen,2018,HATS-63
HATS-64,,2.11,Hydrogen,2018,HATS-64
HATS-65,,1.31,Hydrogen,2018,HATS-65
HATS-66,,1.84,Hydrogen,2018,HATS-66
HATS-67,,1.44,Hydrogen,2018,HATS-67
HATS-68,,1.75,Hydrogen,2018,HATS-68
HATS-69,,0.88,Hydrogen,2018,HATS-69
HATS-7,K2,0.82,Hydrogen,2015,HATS-7
HATS-70,,1.88,Hydrogen,2019,HATS-70
HATS-71,M3 V,0.48,Hydrogen,2020,HATS-71
HATS-72,,0.72,Hydrogen,2020,HATS-72
HATS-74,,0.58,Hydrogen,2021,HATS-74 A
HATS-75,,0.58,Hydrogen,2021,HATS-75
HATS-76,,0.63,Hydrogen,2021,HATS-76
HATS-77,,0.64,Hydrogen,2021,HATS-77
HATS-8,,1.09,Hydrogen,2015,HATS-8
HATS-9,,1.56,Hydrogen,2015,HATS-9
HD 100546,B9 Vne,1.85,Hydrogen,2014,HD 100546
HD 100655,G9 III,10.06,Hydrogen,2011,HD 100655
HD 100777,G8 V,1.04,Hydrogen,2007,HD 100777
HIP 56998,K4/5V,0.63,Hydrogen,2025,HIP 56998
HD 10180,G1 V,1.11,Hydrogen,2010,HD 10180
HD 101930,K1 V,0.86,Hydrogen,2005,HD 101930
HD 102117,G6 V,1.23,Hydrogen,2005,HD 102117
HD 102195,K0 V,0.82,Hydrogen,2006,HD 102195
HD 102272,K0,10.3,Hydrogen,2008,HD 102272
HD 102329,K0 III,9.82,Hydrogen,2011,HD 102329
HD 102365,G3/5V,0.95,Hydrogen,2010,HD 102365
HD 102843,K0 V,0.96,Hydrogen,2019,HD 102843
HD 102956,G5,4.55,Hydrogen,2010,HD 102956
HD 103197,K1 V(P),0.88,Hydrogen,2009,HD 103197
HD 103720,K3 V,0.73,Hydrogen,2014,HD 103720
HD 103774,F5 V,1.58,Hydrogen,2013,HD 103774
HD 103891,F9,2.22,Hydrogen,2022,HD 103891
HD 103949,K3 V,0.75,Hydrogen,2019,HD 103949
HD 104067,K2 V,0.78,Hydrogen,2009,HD 104067
HD 10442,K0 IV,1.97,Hydrogen,2014,HD 10442
HD 104985,G9 III,11.12,Hydrogen,2003,HD 104985
HD 105618,,1.27,Hydrogen,2022,HD 105618
HD 105779,G2,0.94,Hydrogen,2022,HD 105779
HD 106252,G0,1.1,Hydrogen,2002,HD 106252
HD 106270,G5 IV,2.66,Hydrogen,2011,HD 106270
HD 106315,F5 V,1.29,Hydrogen,2017,HD 106315
HD 10647,F9 V,1.1,Hydrogen,2006,HD 10647
HD 106515,G5 V,0.91,Hydrogen,2012,HD 106515 A
HD 106906,F5 V,2.12,Hydrogen,2013,HD 106906
HD 10697,G3 V,1.86,Hydrogen,1999,HD 10697
HD 107148,G5 V,1.17,Hydrogen,2005,HD 107148
HD 108147,F8 V CH+0.4,1.21,Hydrogen,2002,HD 108147
HD 108202,K4/5 V,0.66,Hydrogen,2023,HD 108202
HD 108236,G3 V,0.88,Hydrogen,2020,HD 108236
HD 108341,K2 V,0.79,Hydrogen,2014,HD 108341
HD 108863,K0,5.74,Hydrogen,2011,HD 108863
HD 108874,G5,1.05,Hydrogen,2002,HD 108874
HD 109246,G0 V,1.07,Hydrogen,2010,HD 109246
HD 109271,G5 V,1.29,Hydrogen,2013,HD 109271
HD 109286,G4 V,1.09,Hydrogen,2021,HD 109286
HD 109749,G3 V,1.22,Hydrogen,2005,HD 109749
HD 10975,K0 III,11.16,Hydrogen,2021,HD 10975
HD 109833,,1,Hydrogen,2022,HD 109833
HD 109988,,0.87,Hydrogen,2022,HD 109988
HD 89744,K2 III,20.9,Hydrogen,2009,HD 89744
HD 89839,K0.0 V,0.79,Hydrogen,2023,HD 89839
HD 90156,K0.0 V,0.79,Hydrogen,2023,HD 90156
HD 9174,K0.0 V,0.79,Hydrogen,2023,HD 9174
HD 92788,K0.0 V,0.79,Hydrogen,2023,HD 92788
HD 93083,K0.0 V,0.79,Hydrogen,2023,HD 93083
HD 93351,F8 V,1.19,Hydrogen,2021,HD 93351
HD 93385,G,0.97,Hydrogen,2021,HD 93385
HD 93963,G8 V,0.9,Hydrogen,2003,HD 93963 A
HD 9446,K0 III,8.03,Hydrogen,2017,HD 9446
HD 94771,M1 III,65.8,Hydrogen,2023,HD 94771
HD 94834,K0 III,9.85,Hydrogen,2023,HD 94834
HD 95086,K0 III,39,Hydrogen,2020,HD 95086
HD 95089,F6 V,1.53,Hydrogen,2013,HD 95089
HD 95127,K2 III/ IV,6.78,Hydrogen,2022,HD 95127
HD 95338,K9 V,0.53,Hydrogen,2010,HD 95338
HD 95544,K9 V,0.53,Hydrogen,2010,HD 95544
HD 95872,F3 V,1.49,Hydrogen,2022,HD 95872
HD 96063,K3V,0.76,Hydrogen,2003,HD 96063
HD 96127,G0 V,1.47,Hydrogen,2002,HD 96127
HD 96167,K0,0.84,Hydrogen,2001,HD 96167
HD 96700,K1 V,0.84,Hydrogen,2001,HD 96700
HD 96992,G0 V,1.34,Hydrogen,2007,HD 96992
HD 97037,G0 V,1.24,Hydrogen,2007,HD 97037
HD 97048,K2V,0.73,Hydrogen,2022,HD 97048
HD 97658,K2V,0.73,Hydrogen,2022,HD 97658
HD 98219,G0 V,1.21,Hydrogen,2021,HD 98219
HD 98649,K0,4.89,Hydrogen,2011,HD 98649
HD 98736,K0,4.6,Hydrogen,2011,HD 98736
HD 99109,G7 IV-V,1.07,Hydrogen,2004,HD 99109
HD 99283,G5,20.58,Hydrogen,2015,HD 99283
HD 99492,G2 V,1.2,Hydrogen,2004,HD 99492
HD 99706,,2.1,Hydrogen,2005,HD 99706
HIP 105854,G9 V CN+1,2.01,Hydrogen,2005,HIP 105854
HIP 107772,G8 III/IV,10.09,Hydrogen,2005,HIP 107772
HIP 107773,G7 III,10.37,Hydrogen,2013,HIP 107773
HIP 109384,G2 V,1.07,Hydrogen,2003,HIP 109384
HIP 109600,,1.8,Hydrogen,2022,HIP 109600
HIP 113103,,1.8,Hydrogen,2022,HIP 113103
HIP 114933,G4 IV,1.3,Hydrogen,2021,HIP 114933
HIP 116454,F8,1,Hydrogen,2016,HIP 116454
HIP 12961,,0.75,Hydrogen,2022,HIP 12961
HIP 14810,G7 III,6.47,Hydrogen,2019,HIP 14810
HIP 19976,G3 V,1.05,Hydrogen,2007,HIP 19976
HIP 21152,G3 V,1.05,Hydrogen,2007,HIP 21152
HD 42813,G5,11.02,Hydrogen,2015,HD 42813
HIP 34222,K0,1.2,Hydrogen,2000,HIP 34222
HIP 35173,K0,1.11,Hydrogen,2000,HIP 35173
HIP 35965,G8 IV,1.37,Hydrogen,2009,HIP 35965
HIP 38594,K3V,0.74,Hydrogen,2022,HIP 38594
HIP 39017,K0,0.76,Hydrogen,2002,HIP 39017
HIP 41378,K3 V,0.85,Hydrogen,2016,HIP 41378
HIP 4845,K2,38.41,Hydrogen,2005,HIP 4845
HIP 48714,G0 V,1.34,Hydrogen,2007,HIP 48714
HIP 5158,F8,1.3,Hydrogen,2011,HIP 5158
HIP 54373,G2 V,0.96,Hydrogen,2016,HIP 54373
HIP 54597,G3 IV,1.16,Hydrogen,2019,HIP 54597
HIP 55507,G3 IV,1.16,Hydrogen,2019,HIP 55507
HIP 56640,G5IV,1.16,Hydrogen,2024,HIP 56640
HIP 57274,G5IV,1.16,Hydrogen,2024,HIP 57274
HIP 5763,G5IV,1.16,Hydrogen,2024,HIP 5763
HIP 63242,G5 V,1.22,Hydrogen,1999,HIP 63242
HIP 65,G5 V,1.25,Hydrogen,1999,HIP 65 A
HIP 65407,G3 IV/V,1.36,Hydrogen,2023,HIP 65407
HIP 65426,,3.93,Hydrogen,2022,HIP 65426
HIP 65891,F7 V,1.68,Hydrogen,2022,HIP 65891
HIP 66074,G4 V,1.06,Hydrogen,2019,HIP 66074
HIP 67522,G4 V,1.06,Hydrogen,2019,HIP 67522
HIP 67537,G5,3.78,Hydrogen,2009,HIP 67537
HIP 67851,,1.19,Hydrogen,2021,HIP 67851
HIP 70849,K2 IV,0.88,Hydrogen,2011,HIP 70849
HIP 71135,G,1.59,Hydrogen,2021,HIP 71135
HIP 74890,G,1.59,Hydrogen,2021,HIP 74890
HIP 75092,K2 V,0.78,Hydrogen,2021,HIP 75092
HIP 77900,K2 V,0.78,Hydrogen,2021,HIP 77900
HIP 78530,F8 V,1.67,Hydrogen,2013,HIP 78530
HIP 79098,F8 V,1.67,Hydrogen,2013,HIP 79098 AB
HIP 79431,G0,1.25,Hydrogen,2009,HIP 79431
HIP 81208,K4 III,11.47,Hydrogen,2008,HIP 81208 C
HIP 8152,G5 III/IV,2.34,Hydrogen,2018,HIP 8152
HIP 8541,G7 IV,0.95,Hydrogen,2022,HIP 8541
HIP 86221,G7 IV,0.95,Hydrogen,2022,HIP 86221
HIP 90988,G0Vvar,1.39,Hydrogen,2021,HIP 90988
HIP 91258,K0,1.39,Hydrogen,2014,HIP 91258
HIP 94235,K0,1.39,Hydrogen,2014,HIP 94235
HIP 948,K0,1.39,Hydrogen,2014,HIP 948
HIP 9618,K0,1.39,Hydrogen,2014,HIP 9618
HIP 97166,F7V,1.41,Hydrogen,2022,HIP 97166
HIP 97233,F7V,1.47,Hydrogen,2022,HIP 97233
HIP 99770,G9 IV-V,1.04,Hydrogen,2005,HIP 99770
HN Lib,K0,4.63,Hydrogen,2011,HN Lib
HN Peg,G1 V,1.04,Hydrogen,2003,HN Peg
HR 2562,F5,1.65,Hydrogen,2016,HR 2562
HR 5183,G6 V,0.92,Hydrogen,2008,HR 5183
HR 810,,1.65,Hydrogen,2022,HR 810
HR 858,G3 V,1.05,Hydrogen,2008,HR 858
HR 8799,K0,6.93,Hydrogen,2015,HR 8799
HS Psc,G9 V,0.94,Hydrogen,2009,HS Psc
HU Aqr,M0.0 V,0.63,Hydrogen,2017,HU Aqr
IC 4651 9122,G5,5.01,Hydrogen,2018,IC 4651 9122
TOI-6963,G1 V,2.29,Hydrogen,2016,IRAS 04125+2902
ITG 15,G1 V,2.29,Hydrogen,2016,ITG 15 A
K2-10,G0/2 V,1.21,Hydrogen,2009,K2-10
K2-100,F8,1.34,Hydrogen,2018,K2-100
K2-101,F8,1.34,Hydrogen,2018,K2-101
K2-102,K0 III/IV,3.86,Hydrogen,2009,K2-102
K2-104,G0,1.41,Hydrogen,2005,K2-104
K2-105,G0,1.44,Hydrogen,2005,K2-105
K2-107,K0V,0.89,Hydrogen,2022,K2-107
K2-108,K2 III,16.2,Hydrogen,2022,K2-108
K2-11,K0,4.67,Hydrogen,2011,K2-11
K2-110,G0 V,0.96,Hydrogen,2012,K2-110
K2-111,,1.17,Hydrogen,2022,K2-111
K2-113,G6 V,1.13,Hydrogen,2009,K2-113
K2-114,K0,5.14,Hydrogen,2011,K2-114
K2-115,G0,1.43,Hydrogen,2021,K2-115
K2-116,G0,1.43,Hydrogen,2021,K2-116
K2-117,K1 V,0.86,Hydrogen,2019,K2-117
K2-118,K0,0.75,Hydrogen,2022,K2-118
K2-119,K0,0.75,Hydrogen,2022,K2-119
K2-12,K0,0.75,Hydrogen,2022,K2-12
K2-121,F8 V,1.28,Hydrogen,2008,K2-121
K2-122,K0 IV-V,0.95,Hydrogen,2021,K2-122
K2-123,G9,0.85,Hydrogen,2006,K2-123
K2-124,K1 III,8.56,Hydrogen,2023,K2-124
K2-125,G3 IV,1.32,Hydrogen,2008,K2-125
K2-126,G5 V,2.3,Hydrogen,2004,K2-126
K2-127,G5 V,1.76,Hydrogen,2004,K2-127
K2-128,F8 IV,1.76,Hydrogen,2021,K2-128
K2-129,G0,1.38,Hydrogen,2007,K2-129
K2-13,G0,1.38,Hydrogen,2007,K2-13
K2-130,G2V,1.02,Hydrogen,2022,K2-130
K2-131,G2V,1.02,Hydrogen,2022,K2-131
K2-132,,2.76,Hydrogen,2022,K2-132
K2-133,,2.76,Hydrogen,2022,K2-133
K2-136,K2,0.72,Hydrogen,2010,K2-136
K2-137,K0,4.5,Hydrogen,2011,K2-137
K2-138,G0,1.21,Hydrogen,2020,K2-138
K2-139,K V,0.76,Hydrogen,2023,K2-139
K2-14,K V,0.76,Hydrogen,2023,K2-14
K2-140,G0 V,1.12,Hydrogen,2013,K2-140
K2-141,G0 V,1.12,Hydrogen,2013,K2-141
K2-146,G5 V,2.13,Hydrogen,2006,K2-146
K2-147,K1 IV,3.49,Hydrogen,2015,K2-147
K2-148,G3 IV-V,1.33,Hydrogen,2000,K2-148
K2-149,G3 IV-V,1.33,Hydrogen,2000,K2-149
K2-15,G9 III,10.95,Hydrogen,2021,K2-15
K2-150,G5 IV,1.48,Hydrogen,2000,K2-150
K2-151,G2,1.72,Hydrogen,2009,K2-151
K2-152,K3 V,0.75,Hydrogen,2002,K2-152
K2-153,G5,1.76,Hydrogen,2010,K2-153
K2-154,G5,1.76,Hydrogen,2010,K2-154
K2-155,G5,1.11,Hydrogen,2010,K2-155
K2-156,G9 V,0.95,Hydrogen,2005,K2-156
K2-157,G9 V,0.95,Hydrogen,2005,K2-157
K2-158,G9 V,0.95,Hydrogen,2005,K2-158
K2-159,G3/5 V,1.06,Hydrogen,2023,K2-159
K2-160,K0 IV-V,0.8,Hydrogen,2012,K2-160
K2-161,K1 IV,4.63,Hydrogen,2007,K2-161
K2-162,G5 V,0.95,Hydrogen,2023,K2-162
K2-163,G8 III,9.7,Hydrogen,2022,K2-163
K2-164,G2V,1.21,Hydrogen,2021,K2-164
K2-165,G5,1.71,Hydrogen,1998,K2-165
K2-167,K1 III,21.66,Hydrogen,2010,K2-167
K2-169,,1.54,Hydrogen,2023,K2-169
K2-17,F8 V,1.94,Hydrogen,2000,K2-17
K2-170,F7 V,1.94,Hydrogen,2000,K2-170
K2-171,K0 III,13.58,Hydrogen,2007,K2-171
K2-172,G0,2.47,Hydrogen,2007,K2-172
K2-173,G5,1.55,Hydrogen,2007,K2-173
K2-174,G8,13.5,Hydrogen,2008,K2-174
K2-175,K2,26.6,Hydrogen,2022,K2-175
K2-176,G5 IV/V,1.75,Hydrogen,2009,K2-176
K2-177,G8 IV,4.19,Hydrogen,2007,K2-177
K2-178,G6 V,0.7,Hydrogen,2015,K2-178
K2-179,G0 V,1.18,Hydrogen,2017,K2-179
K2-18,K2.5 V,0.78,Hydrogen,2017,K2-18
K2-180,G8V,0.97,Hydrogen,2017,K2-180
K2-181,K0,3.26,Hydrogen,1999,K2-181
K2-182,K0,2.62,Hydrogen,1999,K2-182
K2-183,G5,1.08,Hydrogen,2001,K2-183
K2-184,K0,4.06,Hydrogen,2018,K2-184
K2-185,G6 IV,3.13,Hydrogen,2018,K2-185
K2-186,M2.5 V,0.48,Hydrogen,2018,K2-186
K2-187,K0 III/IV,4.16,Hydrogen,2009,K2-187
K2-188,K2,0.87,Hydrogen,2022,K2-188
K2-189,K3 IV,0.81,Hydrogen,2008,K2-189
K2-19,G1 V,1.5,Hydrogen,2009,K2-19
K2-190,G2 V,0.96,Hydrogen,2021,K2-190
K2-191,K0 III-IV,4.86,Hydrogen,2022,K2-191
K2-192,K0 III-IV,4.86,Hydrogen,2022,K2-192
K2-193,M2.5 III,88.48,Hydrogen,2023,K2-193
K2-194,G0 IV,2,Hydrogen,2006,K2-194
K2-195,K3 V,0.74,Hydrogen,2023,K2-195
K2-196,G0 V,1.27,Hydrogen,2006,K2-196
K2-197,G3 V,1.15,Hydrogen,1998,K2-197
K2-198,G3 V,1.15,Hydrogen,1998,K2-198
K2-199,,1.94,Hydrogen,2022,K2-199
K2-200,G3 V,1.04,Hydrogen,2021,K2-200
K2-201,K2 V,0.75,Hydrogen,2005,K2-201
K2-2016-BLG-0005L,G5 IV,2.59,Hydrogen,2022,K2-2016-BLG-0005L
K2-202,G V,1.14,Hydrogen,2003,K2-202
K2-203,G6 IV,1.17,Hydrogen,2003,K2-203
K2-204,G5 V,1.38,Hydrogen,2007,K2-204
K2-205,F8 V,1.53,Hydrogen,2009,K2-205
K2-206,K0,1.4,Hydrogen,2016,K2-206
K2-207,,0.93,Hydrogen,2020,K2-207
K2-208,,0.93,Hydrogen,2020,K2-208
K2-209,,0.93,Hydrogen,2020,K2-209
K2-21,,0.93,Hydrogen,2020,K2-21
K2-210,,0.93,Hydrogen,2020,K2-210
K2-211,K2 V,0.74,Hydrogen,1999,K2-211
K2-212,K3V,0.86,Hydrogen,2011,K2-212
K2-213,K3V,0.81,Hydrogen,2011,K2-213
K2-214,G8 IV,4.41,Hydrogen,2007,K2-214
K2-215,,1.15,Hydrogen,2022,K2-215
K2-216,G3 IV-V,1.48,Hydrogen,1998,K2-216
K2-217,G3 V,1.42,Hydrogen,2002,K2-217
K2-218,G1 V,1.73,Hydrogen,2012,K2-218
K2-219,K0,32.3,Hydrogen,2022,K2-219
K2-22,G3V,0.92,Hydrogen,2022,K2-22
K2-220,F8 V,1.8,Hydrogen,2003,K2-220
K2-221,G8 V,0.92,Hydrogen,2019,K2-221
K2-222,G8 V,0.92,Hydrogen,2019,K2-222
K2-223,G8 IV,4.92,Hydrogen,2010,K2-223
K2-224,G6 V,1.04,Hydrogen,2004,K2-224
K2-225,K0 III-IV,6.43,Hydrogen,2019,K2-225
K2-226,,2.59,Hydrogen,2019,K2-226
K2-227,G8 V,0.86,Hydrogen,2006,K2-227
K2-228,,1.13,Hydrogen,2022,K2-228
K2-229,,10.59,Hydrogen,2022,K2-229
K2-230,G2/G3 IV/V,1.19,Hydrogen,2002,K2-230
K2-231,G5 V,1.1,Hydrogen,2010,K2-231
K2-232,G5 V,1.13,Hydrogen,2010,K2-232
K2-233,G5 V,1.13,Hydrogen,2010,K2-233
K2-237,F7 V,1.33,Hydrogen,2008,K2-237
K2-238,G5 IV/V,2.22,Hydrogen,2019,K2-238
K2-239,K0 III,6.12,Hydrogen,2009,K2-239
K2-24,K2.5 V,0.77,Hydrogen,2023,K2-24
K2-240,K0 V,0.83,Hydrogen,2019,K2-240
K2-241,K0 V,0.83,Hydrogen,2019,K2-241
K2-242,G1.5 V,1.13,Hydrogen,2019,K2-242
K2-243,G5 V,0.89,Hydrogen,2012,K2-243
K2-244,K0 V,0.78,Hydrogen,2021,K2-244
K2-245,G6 V,0.93,Hydrogen,2011,K2-245
K2-246,G6 V,0.93,Hydrogen,2011,K2-246
K2-247,G8,0.92,Hydrogen,2011,K2-247
K2-248,G2 V,1.2,Hydrogen,2004,K2-248
K2-249,M1 III,51.1,Hydrogen,2012,K2-249
K2-25,K3/4 IV,0.76,Hydrogen,2008,K2-25
K2-250,K0,4.98,Hydrogen,2017,K2-250
K2-251,,1.18,Hydrogen,1999,K2-251
K2-252,G3 V,1.06,Hydrogen,2019,K2-252
K2-253,G0 V,1.07,Hydrogen,1998,K2-253
K2-254,K1 IV,4.54,Hydrogen,2007,K2-254
K2-255,G5,1.13,Hydrogen,2018,K2-255
K2-257,K7 V,0.57,Hydrogen,2019,K2-257
K2-258,F8 V,1.16,Hydrogen,2005,K2-258
K2-259,G8 IV,5.27,Hydrogen,2009,K2-259
K2-26,G0/1 V,1.51,Hydrogen,2001,K2-26
K2-260,,1.43,Hydrogen,2021,K2-260
K2-261,,1.08,Hydrogen,2022,K2-261
K2-263,G,1.1,Hydrogen,2019,K2-263
K2-264,G,1.1,Hydrogen,2019,K2-264
K2-265,G0,2.04,Hydrogen,2016,K2-265
K2-266,K3 V,0.73,Hydrogen,2018,K2-266
K2-268,,1.04,Hydrogen,2024,K2-268
K2-269,K2,0.76,Hydrogen,2020,K2-269
K2-27,K2,0.76,Hydrogen,2020,K2-27
K2-270,K0,9.83,Hydrogen,2015,K2-270
K2-271,G8 V,0.91,Hydrogen,2019,K2-271
K2-272,G8 V,0.91,Hydrogen,2019,K2-272
K2-273,G8 IV,1.11,Hydrogen,1998,K2-273
K2-274,G8 IV,1.2,Hydrogen,1998,K2-274
K2-275,K4.5,0.7,Hydrogen,2019,K2-275
K2-276,F8 V,1.34,Hydrogen,2011,K2-276
K2-277,,1.33,Hydrogen,2022,K2-277
K2-278,K3V,0.85,Hydrogen,2010,K2-278
K2-279,G8 V+,1.91,Hydrogen,2012,K2-279
K2-28,K3 V,0.78,Hydrogen,2015,K2-28
K2-280,K3 V,0.78,Hydrogen,2015,K2-280
K2-281,K3 V,0.78,Hydrogen,2015,K2-281
K2-283,K3 V,0.77,Hydrogen,2015,K2-283
K2-284,K3 V,0.77,Hydrogen,2015,K2-284
K2-285,G5 III,11.22,Hydrogen,2021,K2-285
K2-286,G0 IV,1.61,Hydrogen,2007,K2-286
K2-287,M2 III,54.92,Hydrogen,2012,K2-287
K2-288,G5,0.98,Hydrogen,2018,K2-288 B
K2-289,G3 V,1.07,Hydrogen,2012,K2-289
K2-29,F9,1.68,Hydrogen,2011,K2-29
K2-290,F8,1.42,Hydrogen,2016,K2-290
K2-291,K0 IV/V,2.94,Hydrogen,2019,K2-291
K2-292,G1 V,1.95,Hydrogen,2019,K2-292
K2-293,G8 IV,1.85,Hydrogen,2016,K2-293
K2-294,K0 III,4.1,Hydrogen,2016,K2-294
K2-295,G2 V,1.85,Hydrogen,2011,K2-295
K2-3,K3 V,0.71,Hydrogen,2024,K2-3
K2-30,G2 V,1.93,Hydrogen,2006,K2-30
K2-308,K5/M0V,0.67,Hydrogen,2021,K2-308
K2-31,G8 III/IV,5.69,Hydrogen,2022,K2-31
HD 80653,K1,0.74,Hydrogen,2011,HD 80653
K2-315,F7/F8V,1.12,Hydrogen,2023,K2-315
K2-316,F9.5 V,1.07,Hydrogen,2001,K2-316
K2-317,F8 V,1.53,Hydrogen,2007,K2-317
K2-318,K5,10.9,Hydrogen,2013,K2-318
K2-319,G0,0.68,Hydrogen,2018,K2-319
K2-32,K4 V,0.71,Hydrogen,2019,K2-32
K2-320,K4 V,0.71,Hydrogen,2019,K2-320
K2-321,,0.79,Hydrogen,2023,K2-321
K2-322,F8,1.53,Hydrogen,2003,K2-322
K2-323,M0.0 V,0.57,Hydrogen,2020,K2-323
K2-324,K7,12.73,Hydrogen,2018,K2-324
K2-325,K3 III,25.46,Hydrogen,2009,K2-325
K2-326,K2 III,71.23,Hydrogen,2011,K2-326
K2-329,G0 V,1.3,Hydrogen,2006,K2-329
K2-33,G0 V,1.39,Hydrogen,2006,K2-33
K2-330,K0,40,Hydrogen,2015,K2-330
K2-331,G0 V,1.41,Hydrogen,2019,K2-331
K2-332,F8 V,1.23,Hydrogen,2010,K2-332
K2-333,,1.42,Hydrogen,2023,K2-333
K2-334,,1.42,Hydrogen,2023,K2-334
K2-335,K1 III,13.76,Hydrogen,2020,K2-335
K2-336,,1,Hydrogen,2022,K2-336
K2-337,,1,Hydrogen,2022,K2-337
K2-338,M0 V,0.44,Hydrogen,2022,K2-338
K2-339,M0 V,0.44,Hydrogen,2022,K2-339
K2-34,,1.46,Hydrogen,2021,K2-34
K2-340,K1 V,0.94,Hydrogen,2005,K2-340
K2-341,,1.56,Hydrogen,2019,K2-341
K2-342,K1/2III,3.18,Hydrogen,2000,K2-342
K2-343,G3 IV/V,0.92,Hydrogen,2012,K2-343
K2-344,K2 V,0.89,Hydrogen,2005,K2-344
K2-345,K2 V,0.89,Hydrogen,2005,K2-345
K2-346,G0 V,1.27,Hydrogen,2021,K2-346
K2-347,F8/G0 V,1.45,Hydrogen,2022,K2-347
K2-348,F8/G0 V,1.45,Hydrogen,2022,K2-348
K2-349,G5,1.03,Hydrogen,2001,K2-349
K2-35,G5,1.03,Hydrogen,2001,K2-35
K2-350,G5 V,1.48,Hydrogen,2010,K2-350
K2-351,K4.5 V,0.69,Hydrogen,2013,K2-351
K2-352,M2 V,0.48,Hydrogen,2008,K2-352
K2-353,G8 V,0.95,Hydrogen,2009,K2-353
K2-354,K1 III,4.5,Hydrogen,2022,K2-354
K2-355,K0 III,10.9,Hydrogen,2013,K2-355
K2-356,,0.57,Hydrogen,2022,K2-356
K2-357,G8 V,1.02,Hydrogen,2002,K2-357
K2-358,G8 V,1.18,Hydrogen,2002,K2-358
K2-36,G2 IV,1.61,Hydrogen,2009,K2-36
K2-365,F8,1.75,Hydrogen,2010,K2-365
K2-366,G2 V,1.07,Hydrogen,2019,K2-366
K2-367,G2 V,1.07,Hydrogen,2019,K2-367
K2-368,G2 V,1.07,Hydrogen,2019,K2-368
K2-369,K0 V,0.88,Hydrogen,2016,K2-369
K2-37,K0 V,0.88,Hydrogen,2016,K2-37
K2-370,K1,0.84,Hydrogen,2004,K2-370
K2-371,K0,1.11,Hydrogen,2021,K2-371
K2-372,K0 III,4.17,Hydrogen,2011,K2-372
K2-373,K0 III,4.17,Hydrogen,2011,K2-373
K2-374,K0 III,4.17,Hydrogen,2011,K2-374
K2-375,G3/G5 V,1.97,Hydrogen,2006,K2-375
K2-376,F6 V,1.44,Hydrogen,2005,K2-376
K2-377,K0 III,5.39,Hydrogen,2015,K2-377
K2-378,K0 III,5.29,Hydrogen,2015,K2-378
K2-379,G0 V,1.38,Hydrogen,2009,K2-379
K2-38,G0 V,1.38,Hydrogen,2009,K2-38
K2-380,G0 V,1.38,Hydrogen,2009,K2-380
K2-381,G0 V,1.38,Hydrogen,2009,K2-381
K2-382,G8 III,10.86,Hydrogen,2021,K2-382
K2-383,M0 III,38.4,Hydrogen,2023,K2-383
K2-384,K0 V,0.87,Hydrogen,2003,K2-384
K2-385,K0,0.91,Hydrogen,2004,K2-385
K2-386,K2V,0.83,Hydrogen,2021,K2-386
K2-387,F9.5 V,1.49,Hydrogen,2010,K2-387
K2-388,G4 IV,2.86,Hydrogen,2000,K2-388
K2-389,G4 IV,2.86,Hydrogen,2000,K2-389
K2-39,G0 V,1.19,Hydrogen,2001,K2-39
K2-390,K0 V,0.78,Hydrogen,2021,K2-390
K2-391,K0 V,0.78,Hydrogen,2021,K2-391
K2-392,K0 V,0.78,Hydrogen,2021,K2-392
K2-393,G8 V,0.74,Hydrogen,2019,K2-393
K2-394,K2.5 V,0.72,Hydrogen,2009,K2-394
K2-395,K2.5 V,0.72,Hydrogen,2009,K2-395
K2-396,K2.5 V,0.72,Hydrogen,2009,K2-396
K2-397,K0,8.56,Hydrogen,2017,K2-397
K2-398,F8 V,1.21,Hydrogen,2002,K2-398
K2-4,M2 V,1.04,Hydrogen,2004,K2-4
K2-400,G5,1.08,Hydrogen,2007,K2-400
K2-401,K0,0.82,Hydrogen,2017,K2-401
K2-402,G5,1.42,Hydrogen,2001,K2-402
K2-403,G5,1.5,Hydrogen,2001,K2-403
K2-404,G7 V Fe-1 CH-0.5,0.85,Hydrogen,2001,K2-404
K2-405,G4 V,1,Hydrogen,2016,K2-405
K2-406,,0.98,Hydrogen,2023,K2-406
K2-407,G5V,1.02,Hydrogen,2005,K2-407
K2-408,G8 V,1,Hydrogen,2010,K2-408
K2-409,G8 V,1,Hydrogen,2010,K2-409
K2-411,G0,1.6,Hydrogen,2007,K2-411
K2-412,G3 V,1.32,Hydrogen,2010,K2-412
K2-413,G1.5 V,1.08,Hydrogen,2019,K2-413
K2-414,G5 V,1.26,Hydrogen,2004,K2-414
K2-415,K0 V,0.89,Hydrogen,2008,K2-415
K2-416,G8/K0,0.94,Hydrogen,2008,K2-416
K2-417,,1.28,Hydrogen,2022,K2-417
K2-419,K1 IV-V,0.91,Hydrogen,2000,K2-419 A
K2-42,G6 V,1.08,Hydrogen,2008,K2-42
K2-43,G6 V,1.08,Hydrogen,2008,K2-43
K2-44,K0 IV,5.03,Hydrogen,2012,K2-44
K2-45,K1 III,7.3,Hydrogen,2016,K2-45
K2-46,K1 III,7.3,Hydrogen,2016,K2-46
K2-47,K1 III,23.47,Hydrogen,2002,K2-47
K2-48,K2,42.4,Hydrogen,2021,K2-48
K2-49,G5 IV/V,1.9,Hydrogen,2008,K2-49
K2-5,K3 V,0.68,Hydrogen,2024,K2-5
K2-52,K0 III/IV,5.01,Hydrogen,2018,K2-52
K2-53,G5 V,1.02,Hydrogen,2002,K2-53
K2-54,G1 V,1.35,Hydrogen,2005,K2-54
K2-55,G1 V,1.42,Hydrogen,2005,K2-55
K2-57,F8 V,1.02,Hydrogen,2002,K2-57
K2-58,G7 V,0.92,Hydrogen,2019,K2-58
K2-59,F V,1.19,Hydrogen,2021,K2-59
K2-6,G5,4.06,Hydrogen,2007,K2-6
K2-60,G5,4.06,Hydrogen,2007,K2-60
K2-61,G0 V,1.52,Hydrogen,2018,K2-61
K2-62,,9.09,Hydrogen,2016,K2-62
K2-63,G2/G3 V,1.01,Hydrogen,2014,K2-63
K2-64,,1.78,Hydrogen,2022,K2-64
K2-65,G5,10.64,Hydrogen,2011,K2-65
K2-66,K2 III,13.2,Hydrogen,2016,K2-66
K2-68,K0 III,27,Hydrogen,2020,K2-68
K2-69,F6 IV,2.57,Hydrogen,2008,K2-69
K2-7,F6 IV,2.57,Hydrogen,2008,K2-7
K2-70,,1.01,Hydrogen,2023,K2-70
K2-71,F7 V,1.4,Hydrogen,2022,K2-71
K2-72,F7 V,1.4,Hydrogen,2022,K2-72
K2-73,,0.92,Hydrogen,2020,K2-73
K2-74,,0.92,Hydrogen,2020,K2-74
K2-75,K4 V,0.77,Hydrogen,2005,K2-75
K2-77,,0.96,Hydrogen,2021,K2-77
K2-79,,0.96,Hydrogen,2021,K2-79
K2-8,G7 V,0.88,Hydrogen,2019,K2-8
K2-80,G2/3 V,1.12,Hydrogen,2003,K2-80
K2-81,K2 III,21.4,Hydrogen,2012,K2-81
K2-83,G8 IV (+ G),1.13,Hydrogen,2005,K2-83
K2-84,F8 V,1.55,Hydrogen,2015,K2-84
K2-85,G5 V,0.95,Hydrogen,2009,K2-85
K2-86,G5 IV/V,1.02,Hydrogen,2016,K2-86
K2-87,M0 III,86.4,Hydrogen,2023,K2-87
K2-88,G2 V,1.19,Hydrogen,2001,K2-88
K2-89,G2 V,1.26,Hydrogen,2001,K2-89
K2-9,K1 III,7.72,Hydrogen,2022,K2-9
K2-90,K0V,0.89,Hydrogen,2006,K2-90
K2-91,K0V,0.89,Hydrogen,2006,K2-91
K2-95,G1-1.5 V,0.98,Hydrogen,2007,K2-95
K2-97,G6 V,0.98,Hydrogen,2003,K2-97
K2-98,K1 IV,0.97,Hydrogen,2011,K2-98
K2-99,G5,4.96,Hydrogen,2018,K2-99
KELT-1,G2 V,1.46,Hydrogen,2002,KELT-1
KELT-10,G2 V,1.46,Hydrogen,2002,KELT-10
KELT-11,G5 V,1.22,Hydrogen,2016,KELT-11
KELT-12,G8 IV,0.94,Hydrogen,2023,KELT-12
KELT-14,K0 V,0.91,Hydrogen,2008,KELT-14
KELT-15,K0 V,0.96,Hydrogen,2008,KELT-15
KELT-16,F6 V,1.22,Hydrogen,2024,KELT-16
KELT-17,F6 V,1.22,Hydrogen,2024,KELT-17
KELT-18,F6 V,1.22,Hydrogen,2024,KELT-18
KELT-19,G6 V,1.53,Hydrogen,2002,KELT-19 A
KELT-2,G6 V,1.53,Hydrogen,2002,KELT-2 A
KELT-20,G5,2.58,Hydrogen,2008,KELT-20
KELT-21,K4 V,0.65,Hydrogen,2022,KELT-21
KELT-23,K4 V,0.65,Hydrogen,2022,KELT-23 A
KELT-24,G0,1.51,Hydrogen,2003,KELT-24
KELT-3,G0,1.51,Hydrogen,2003,KELT-3
KELT-4,F9.5 V,0.97,Hydrogen,2011,KELT-4 A
KELT-6,G5 V,1.33,Hydrogen,2023,KELT-6
KELT-7,G0,1.23,Hydrogen,1999,KELT-7
KELT-8,G5 V,0.94,Hydrogen,2023,KELT-8
KELT-9,G5,3.4,Hydrogen,2014,KELT-9
KIC 10001893,G5,3.4,Hydrogen,2014,KIC 10001893
KIC 10068024,G6 V,1.37,Hydrogen,2002,KIC 10068024
KIC 10525077,K1 III,8.33,Hydrogen,2017,KIC 10525077
KIC 3526061,K0 IV,0.97,Hydrogen,2012,KIC 3526061
KIC 3558849,F5,1.32,Hydrogen,2024,KIC 3558849
KIC 5437945,G8 III,11.06,Hydrogen,2021,KIC 5437945
KIC 5479689,K0.5 V,0.78,Hydrogen,2008,KIC 5479689
KIC 7917485,K0.5 V,0.78,Hydrogen,2008,KIC 7917485
KIC 8121913,K0.5 V,0.78,Hydrogen,2008,KIC 8121913
KOI-7892,G5,1.05,Hydrogen,2011,KOI-7892
KIC 9663113,G2,1.22,Hydrogen,2020,KIC 9663113
KMT-2016-BLG-0212L,G5,1.06,Hydrogen,2021,KMT-2016-BLG-0212L
KMT-2016-BLG-1105L,,0.81,Hydrogen,2022,KMT-2016-BLG-1105L
KMT-2016-BLG-1107L,,1.65,Hydrogen,2022,KMT-2016-BLG-1107L
KMT-2016-BLG-1397L,G2/G3,0.91,Hydrogen,2005,KMT-2016-BLG-1397L
KMT-2016-BLG-1820L,K0 III-IV,11.13,Hydrogen,2007,KMT-2016-BLG-1820L
KMT-2016-BLG-1836L,K3 III,83.8,Hydrogen,2020,KMT-2016-BLG-1836L
KMT-2016-BLG-2142L,K3 III,109.46,Hydrogen,2020,KMT-2016-BLG-2142L
KMT-2016-BLG-2321L,G0,5.26,Hydrogen,2011,KMT-2016-BLG-2321L
KMT-2016-BLG-2364L,G2/3V,1.18,Hydrogen,2003,KMT-2016-BLG-2364L
KMT-2016-BLG-2397L,G2/3V,1.18,Hydrogen,2003,KMT-2016-BLG-2397L
KMT-2016-BLG-2605L,K2 V,0.78,Hydrogen,2019,KMT-2016-BLG-2605L
KMT-2017-BLG-0165L,K0 V,0.94,Hydrogen,2002,KMT-2017-BLG-0165L
KMT-2017-BLG-0428L,K0 V,0.94,Hydrogen,2002,KMT-2017-BLG-0428L
KMT-2017-BLG-0673L,G0 V,1.19,Hydrogen,2010,KMT-2017-BLG-0673L
KMT-2017-BLG-1003L,K1.5 V,0.8,Hydrogen,2009,KMT-2017-BLG-1003L
KMT-2017-BLG-1038L,F8,1.38,Hydrogen,2002,KMT-2017-BLG-1038L
KMT-2017-BLG-1146L,,0.78,Hydrogen,2022,KMT-2017-BLG-1146L
KMT-2017-BLG-1194L,F8,1.46,Hydrogen,2006,KMT-2017-BLG-1194L
KMT-2017-BLG-2509L,G1 V,1.05,Hydrogen,2009,KMT-2017-BLG-2509L
KMT-2018-BLG-0029L,G1 V,1.05,Hydrogen,2009,KMT-2018-BLG-0029L
KMT-2018-BLG-0030L,F7 V,1.88,Hydrogen,2009,KMT-2018-BLG-0030L
KMT-2018-BLG-0087L,G1V,1.24,Hydrogen,2025,KMT-2018-BLG-0087L
KMT-2018-BLG-0247L,F5,1.5,Hydrogen,2009,KMT-2018-BLG-0247L
KMT-2018-BLG-0748L,K1 III,8.8,Hydrogen,2016,KMT-2018-BLG-0748L
KMT-2018-BLG-0885L,G,1.55,Hydrogen,2016,KMT-2018-BLG-0885L
KMT-2018-BLG-1025L,K0,0.8,Hydrogen,2009,KMT-2018-BLG-1025L
KMT-2018-BLG-1292L,,1.03,Hydrogen,2022,KMT-2018-BLG-1292L
KMT-2018-BLG-1743L,G5,2.2,Hydrogen,2004,KMT-2018-BLG-1743L
KMT-2018-BLG-1976L,G2 V,1.54,Hydrogen,2023,KMT-2018-BLG-1976L
KMT-2018-BLG-1988L,G0 V,1.1,Hydrogen,2009,KMT-2018-BLG-1988L
KMT-2018-BLG-1990L,G5,1.66,Hydrogen,2018,KMT-2018-BLG-1990L
KMT-2018-BLG-1996L,F7 V,2.13,Hydrogen,1999,KMT-2018-BLG-1996L
KMT-2018-BLG-2602L,F7 V,1.29,Hydrogen,2023,KMT-2018-BLG-2602L
KMT-2019-BLG-0253L,G5V,0.92,Hydrogen,2009,KMT-2019-BLG-0253L
KMT-2019-BLG-0297L,G8 IV,1.67,Hydrogen,2016,KMT-2019-BLG-0297L
KMT-2019-BLG-0298L,G6 V,1.14,Hydrogen,2000,KMT-2019-BLG-0298L
KMT-2019-BLG-0335L,G6 V,1.14,Hydrogen,2000,KMT-2019-BLG-0335L
KMT-2019-BLG-0371L,K3 V,0.85,Hydrogen,2005,KMT-2019-BLG-0371L
KMT-2019-BLG-0414L,,0.91,Hydrogen,2022,KMT-2019-BLG-0414L
KMT-2019-BLG-0842L,,0.91,Hydrogen,2022,KMT-2019-BLG-0842L
KMT-2019-BLG-0953L,G2/G3 V,1.18,Hydrogen,2021,KMT-2019-BLG-0953L
KMT-2019-BLG-1042L,G2/G3 V,1.18,Hydrogen,2021,KMT-2019-BLG-1042L
KMT-2019-BLG-1216L,G2/G3 V,1.18,Hydrogen,2021,KMT-2019-BLG-1216L
KMT-2019-BLG-1339L,G0 V,1.03,Hydrogen,2022,KMT-2019-BLG-1339L
KMT-2019-BLG-1367L,G0 V,1.03,Hydrogen,2022,KMT-2019-BLG-1367L
KMT-2019-BLG-1552L,G5 V,1,Hydrogen,2009,KMT-2019-BLG-1552L
KMT-2019-BLG-1715L,G5 V,1,Hydrogen,2009,KMT-2019-BLG-1715L
KMT-2019-BLG-1806L,G3/G5 V,1.9,Hydrogen,2023,KMT-2019-BLG-1806L
KMT-2019-BLG-1953L,K0,4.2,Hydrogen,2018,KMT-2019-BLG-1953L
KMT-2019-BLG-2783L,A8 III,1.49,Hydrogen,2013,KMT-2019-BLG-2783L
KMT-2019-BLG-2974L,G8/K0 IV,5.08,Hydrogen,2009,KMT-2019-BLG-2974L
KMT-2020-BLG-0414L,G8/K0 IV,5.08,Hydrogen,2009,KMT-2020-BLG-0414L
KMT-2021-BLG-0119L,K0.5 V,0.87,Hydrogen,2020,KMT-2021-BLG-0119L
KMT-2021-BLG-0171L,G0,1.09,Hydrogen,2021,KMT-2021-BLG-0171L
KMT-2021-BLG-0192L,M1.5 V,0.37,Hydrogen,2019,KMT-2021-BLG-0192L
KMT-2021-BLG-0240L,K0 V,0.84,Hydrogen,2015,KMT-2021-BLG-0240L
KMT-2021-BLG-0320L,G6 V,4.75,Hydrogen,2011,KMT-2021-BLG-0320L
KMT-2021-BLG-0322L,K2 III,51.1,Hydrogen,2011,KMT-2021-BLG-0322L
KMT-2021-BLG-0712L,G5,1.94,Hydrogen,2009,KMT-2021-BLG-0712L
KMT-2021-BLG-0748L,G0 V,1.16,Hydrogen,2021,KMT-2021-BLG-0748L
KMT-2021-BLG-0909L,G0 V,1.16,Hydrogen,2021,KMT-2021-BLG-0909L
KMT-2021-BLG-0912L,G0 V,1.16,Hydrogen,2021,KMT-2021-BLG-0912L
KMT-2021-BLG-1077L,K0,7.43,Hydrogen,2021,KMT-2021-BLG-1077L
KMT-2021-BLG-1105L,Be9.5/AO,2.25,Hydrogen,2019,KMT-2021-BLG-1105L
KMT-2021-BLG-1150L,K1 V,0.73,Hydrogen,2010,KMT-2021-BLG-1150L
KMT-2021-BLG-1253L,K0 III/IV,4.6,Hydrogen,2011,KMT-2021-BLG-1253L
KMT-2021-BLG-1303L,G3/G5 V,1.01,Hydrogen,2012,KMT-2021-BLG-1303L
KMT-2021-BLG-1372L,G5,0.93,Hydrogen,2018,KMT-2021-BLG-1372L
KMT-2021-BLG-1391L,G8/K0 IV,0.98,Hydrogen,2005,KMT-2021-BLG-1391L
KMT-2021-BLG-1547L,K0 III,11.21,Hydrogen,2021,KMT-2021-BLG-1547L
KMT-2021-BLG-1554L,K2 V,0.82,Hydrogen,2004,KMT-2021-BLG-1554L
KMT-2021-BLG-1689L,K2 V,0.82,Hydrogen,2004,KMT-2021-BLG-1689L
KMT-2021-BLG-1770L,K0,5.52,Hydrogen,2011,KMT-2021-BLG-1770L
KMT-2021-BLG-1898L,K0,5.4,Hydrogen,2011,KMT-2021-BLG-1898L
KMT-2021-BLG-2010L,K2 III,10.31,Hydrogen,2014,KMT-2021-BLG-2010L
KMT-2021-BLG-2294L,M0 V,0.51,Hydrogen,2020,KMT-2021-BLG-2294L
KMT-2021-BLG-2478L,K1 III,11.6,Hydrogen,2015,KMT-2021-BLG-2478L
KMT-2021-BLG-2609L,G5,0.83,Hydrogen,2016,KMT-2021-BLG-2609L
KMT-2022-BLG-0303L,G5,0.97,Hydrogen,2016,KMT-2022-BLG-0303L
KMT-2022-BLG-0371L,,0.74,Hydrogen,2023,KMT-2022-BLG-0371L
KMT-2022-BLG-0440L,,0.74,Hydrogen,2023,KMT-2022-BLG-0440L
KMT-2022-BLG-1013L,K0 III,5.27,Hydrogen,2021,KMT-2022-BLG-1013L
KMT-2022-BLG-2286L,K1,0.76,Hydrogen,2014,KMT-2022-BLG-2286L
KMT-2023-BLG-0416L,M0,0.65,Hydrogen,2010,KMT-2023-BLG-0416L
KMT-2023-BLG-0469L,G5,1.07,Hydrogen,2005,KMT-2023-BLG-0469L
KMT-2023-BLG-0735L,G5,1.07,Hydrogen,2005,KMT-2023-BLG-0735L
KMT-2023-BLG-1431L,G5,1.07,Hydrogen,2005,KMT-2023-BLG-1431L
KMT-2023-BLG-1454L,,0.77,Hydrogen,2022,KMT-2023-BLG-1454L
KMT-2023-BLG-1642L,F5 V,1.59,Hydrogen,2022,KMT-2023-BLG-1642L
KMT-2023-BLG-1743L,,0.98,Hydrogen,2023,KMT-2023-BLG-1743L
KMT-2023-BLG-1866L,,0.98,Hydrogen,2023,KMT-2023-BLG-1866L
KMT-2024-BLG-1044L,K7 V,0.62,Hydrogen,2021,KMT-2024-BLG-1044L
KOI-12,K2 V,0.77,Hydrogen,2019,KOI-12
KOI-1257,,0.7,Hydrogen,2022,KOI-1257
KOI-13,M0,0.63,Hydrogen,2020,KOI-13
KOI-142,M0,0.63,Hydrogen,2020,KOI-142
KOI-1599,F6,1.35,Hydrogen,2016,KOI-1599
KOI-1783,F6,1.35,Hydrogen,2016,KOI-1783
Kepler-324,F6,1.35,Hydrogen,2016,Kepler-324
Kepler-968,K7V,0.6,Hydrogen,2020,Kepler-968
KOI-217,M0.5 Ve,0.6,Hydrogen,2020,KOI-217
KOI-2513,,0.75,Hydrogen,2009,KOI-2513
KOI-3503,,0.75,Hydrogen,2009,KOI-3503
KOI-351,K5 V,0.56,Hydrogen,2019,KOI-351
KOI-3680,K6 V,0.75,Hydrogen,2021,KOI-3680
KOI-4777,G8,10.28,Hydrogen,2013,KOI-4777
KOI-4978,K4 V,0.72,Hydrogen,2020,KOI-4978
KOI-55,K0,0.95,Hydrogen,2016,KOI-55
KOI-7368,A2 V,1.77,Hydrogen,2017,KOI-7368
KOI-7913,K0 III,8.93,Hydrogen,2015,KOI-7913 A
KOI-94,,0.69,Hydrogen,2023,KOI-94
KOI-984,K0 III,5.95,Hydrogen,2015,KOI-984
KPS-1,K7 V,0.63,Hydrogen,2009,KPS-1
Kapteyn,M1,0.68,Hydrogen,2019,Kapteyn
Kepler-10,K1 III,5.77,Hydrogen,2016,Kepler-10
Kepler-100,B9 V,2.11,Hydrogen,2010,Kepler-100
Kepler-1000,,0.96,Hydrogen,2023,Kepler-1000
Kepler-1001,,0.96,Hydrogen,2023,Kepler-1001
Kepler-1002,K5 V,,Hydrogen,2021,Kepler-1002
Kepler-1003,K1 III,3.94,Hydrogen,2021,Kepler-1003
Kepler-1004,G5 V,0.89,Hydrogen,2013,Kepler-1004
Kepler-1005,G V,1.08,Hydrogen,2022,Kepler-1005
Kepler-1006,,0.69,Hydrogen,2022,Kepler-1006
Kepler-1007,,0.96,Hydrogen,2023,Kepler-1007
Kepler-1008,,0.96,Hydrogen,2023,Kepler-1008
Kepler-1009,K0 V,0.84,Hydrogen,2021,Kepler-1009
Kepler-101,K0 V,0.84,Hydrogen,2021,Kepler-101
Kepler-1010,A5-A6,1.94,Hydrogen,2023,Kepler-1010
Kepler-1011,M4.0 V,0.3,Hydrogen,2023,Kepler-1011
Kepler-1012,G0 V,1.01,Hydrogen,2006,Kepler-1012
Kepler-1013,F5 V,1.47,Hydrogen,2016,Kepler-1013
Kepler-1014,G0 V,1.53,Hydrogen,2019,Kepler-1014
Kepler-1015,G0V,1.13,Hydrogen,1999,Kepler-1015
Kepler-1016,F6 V,1.31,Hydrogen,2019,Kepler-1016
Kepler-1017,F6 V,1.31,Hydrogen,2019,Kepler-1017
Kepler-1018,A5 V,1.49,Hydrogen,2008,Kepler-1018
Kepler-1019,A5 V,1.49,Hydrogen,2008,Kepler-1019
Kepler-102,A5 V,1.49,Hydrogen,2008,Kepler-102
Kepler-1020,,10.27,Hydrogen,2018,Kepler-1020
Kepler-1021,,1.45,Hydrogen,2024,Kepler-1021
Kepler-1022,,,Hydrogen,2024,Kepler-1022
Kepler-1023,F9,0.98,Hydrogen,2015,Kepler-1023
Kepler-1024,G0 V,1.24,Hydrogen,2016,Kepler-1024
Kepler-1025,K3,0.76,Hydrogen,2016,Kepler-1025
Kepler-1026,K5,0.71,Hydrogen,2016,Kepler-1026
Kepler-561,M2.5e,0.48,Hydrogen,2016,Kepler-561
Kepler-562,K1,0.97,Hydrogen,2017,Kepler-562
Kepler-563,F9 IV,1.81,Hydrogen,2017,Kepler-563
Kepler-564,,1.76,Hydrogen,2017,Kepler-564
Kepler-565,G8,5.15,Hydrogen,2015,Kepler-565
Kepler-566,K3 V,0.71,Hydrogen,2017,Kepler-566
Kepler-567,G2,1.25,Hydrogen,2017,Kepler-567
Kepler-568,G2,1.25,Hydrogen,2017,Kepler-568
Kepler-569,G,1.24,Hydrogen,2017,Kepler-569
Kepler-57,,0.87,Hydrogen,2017,Kepler-57
Kepler-570,,0.67,Hydrogen,2017,Kepler-570
Kepler-571,M1.0 V,0.51,Hydrogen,2017,Kepler-571
Kepler-572,M1.0 V,0.51,Hydrogen,2017,Kepler-572
Kepler-573,,0.73,Hydrogen,2017,Kepler-573
Kepler-574,,0.71,Hydrogen,2017,Kepler-574
Kepler-575,F9,1.12,Hydrogen,2015,Kepler-575
Kepler-576,,0.67,Hydrogen,2017,Kepler-576
Kepler-577,M0,0.59,Hydrogen,2017,Kepler-577
Kepler-578,,0.59,Hydrogen,2017,Kepler-578
Kepler-579,,0.39,Hydrogen,2017,Kepler-579
Kepler-58,,0.4,Hydrogen,2017,Kepler-58
Kepler-580,,0.36,Hydrogen,2017,Kepler-580
Kepler-581,G3,0.78,Hydrogen,2015,Kepler-581
Kepler-582,,0.74,Hydrogen,2017,Kepler-582
Kepler-583,,0.76,Hydrogen,2017,Kepler-583
Kepler-584,,3.85,Hydrogen,2017,Kepler-584
Kepler-585,M1.5 V,0.46,Hydrogen,2017,Kepler-585
Kepler-586,M1.5 V,0.46,Hydrogen,2017,Kepler-586
Kepler-587,M1.5 V,0.46,Hydrogen,2017,Kepler-587
Kepler-588,M1.5 V,0.46,Hydrogen,2017,Kepler-588
Kepler-589,K5.5,0.68,Hydrogen,2017,Kepler-589
Kepler-59,K5.5,0.68,Hydrogen,2017,Kepler-59
Kepler-590,G8 V,0.86,Hydrogen,2017,Kepler-590
Kepler-591,G8 V,0.86,Hydrogen,2017,Kepler-591
Kepler-592,G8 V,0.86,Hydrogen,2017,Kepler-592
Kepler-593,G8 V,0.86,Hydrogen,2017,Kepler-593
Kepler-594,G8 V,0.86,Hydrogen,2017,Kepler-594
Kepler-595,G8 V,0.86,Hydrogen,2017,Kepler-595
Kepler-596,M0,0.45,Hydrogen,2015,Kepler-596
Kepler-597,G6 V,1.06,Hydrogen,2017,Kepler-597
Kepler-598,K7 V,0.68,Hydrogen,2018,Kepler-598
Kepler-599,M3.0 V,0.33,Hydrogen,2018,Kepler-599
Kepler-6,M3.0 V,0.33,Hydrogen,2018,Kepler-6
Kepler-60,,0.57,Hydrogen,2018,Kepler-60
Kepler-600,,0.63,Hydrogen,2018,Kepler-600
Kepler-601,M1.0 V,0.57,Hydrogen,2018,Kepler-601
Kepler-602,G8,0.68,Hydrogen,2015,Kepler-602
Kepler-603,M2.5 V,0.44,Hydrogen,2018,Kepler-603
Kepler-604,M3.0 V,0.53,Hydrogen,2018,Kepler-604
Kepler-605,M0.0 V,0.63,Hydrogen,2018,Kepler-605
Kepler-606,K7,0.58,Hydrogen,2018,Kepler-606
Kepler-607,K7,0.58,Hydrogen,2018,Kepler-607
Kepler-608,,0.62,Hydrogen,2018,Kepler-608
Kepler-609,,0.88,Hydrogen,2018,Kepler-609
Kepler-61,,0.95,Hydrogen,2018,Kepler-61
Kepler-610,,0.95,Hydrogen,2018,Kepler-610
Kepler-611,K3 V,0.66,Hydrogen,2019,Kepler-611
Kepler-612,K3 V,0.66,Hydrogen,2019,Kepler-612
Kepler-613,,0.91,Hydrogen,2018,Kepler-613
Kepler-614,,2.57,Hydrogen,2018,Kepler-614
Kepler-615,,0.69,Hydrogen,2018,Kepler-615
Kepler-616,,0.76,Hydrogen,2018,Kepler-616
Kepler-617,,0.8,Hydrogen,2018,Kepler-617
Kepler-618,,0.8,Hydrogen,2018,Kepler-618
Kepler-619,,1.61,Hydrogen,2019,Kepler-619
Kepler-62,,0.92,Hydrogen,2018,Kepler-62
Kepler-620,,0.87,Hydrogen,2018,Kepler-620
Kepler-621,,0.87,Hydrogen,2018,Kepler-621
Kepler-622,,0.84,Hydrogen,2018,Kepler-622
Kepler-623,,0.68,Hydrogen,2018,Kepler-623
Kepler-624,,1.42,Hydrogen,2018,Kepler-624
Kepler-625,,0.86,Hydrogen,2018,Kepler-625
Kepler-626,,0.89,Hydrogen,2018,Kepler-626
Kepler-627,,0.77,Hydrogen,2018,Kepler-627
Kepler-629,M2.5 V,0.44,Hydrogen,2015,Kepler-629
Kepler-63,M2.5 V,0.44,Hydrogen,2015,Kepler-63
Kepler-630,,0.69,Hydrogen,2018,Kepler-630
Kepler-631,,1.07,Hydrogen,2018,Kepler-631
Kepler-632,,0.8,Hydrogen,2018,Kepler-632
Kepler-633,,0.87,Hydrogen,2018,Kepler-633
Kepler-634,,0.87,Hydrogen,2018,Kepler-634
Kepler-635,,0.75,Hydrogen,2018,Kepler-635
Kepler-636,,0.94,Hydrogen,2018,Kepler-636
Kepler-637,,0.94,Hydrogen,2018,Kepler-637
Kepler-638,,0.98,Hydrogen,2018,Kepler-638
Kepler-639,,0.83,Hydrogen,2018,Kepler-639
Kepler-640,,0.83,Hydrogen,2018,Kepler-640
Kepler-641,,0.83,Hydrogen,2018,Kepler-641
Kepler-642,,0.83,Hydrogen,2018,Kepler-642
Kepler-643,,1.19,Hydrogen,2018,Kepler-643
Kepler-644,,1.19,Hydrogen,2018,Kepler-644
Kepler-645,,0.87,Hydrogen,2018,Kepler-645
Kepler-646,,0.87,Hydrogen,2018,Kepler-646
Kepler-647,G9 V,0.82,Hydrogen,2015,Kepler-647
Kepler-648,G9 V,0.82,Hydrogen,2015,Kepler-648
Kepler-649,,0.91,Hydrogen,2018,Kepler-649
Kepler-65,,0.91,Hydrogen,2018,Kepler-65
Kepler-650,,1.28,Hydrogen,2018,Kepler-650
Kepler-651,,0.99,Hydrogen,2018,Kepler-651
Kepler-652,,0.91,Hydrogen,2018,Kepler-652
Kepler-653,,1.54,Hydrogen,2018,Kepler-653
Kepler-654,,0.76,Hydrogen,2018,Kepler-654
Kepler-655,,0.76,Hydrogen,2018,Kepler-655
Kepler-656,,0.76,Hydrogen,2018,Kepler-656
Kepler-657,,0.68,Hydrogen,2018,Kepler-657
Kepler-658,,0.79,Hydrogen,2018,Kepler-658
Kepler-659,,0.88,Hydrogen,2018,Kepler-659
Kepler-66,,0.88,Hydrogen,2018,Kepler-66
Kepler-660,,,Hydrogen,2023,Kepler-660
Kepler-661,,0.91,Hydrogen,2018,Kepler-661
Kepler-662,,0.77,Hydrogen,2018,Kepler-662
Kepler-663,,1.25,Hydrogen,2018,Kepler-663
Kepler-664,,1.08,Hydrogen,2018,Kepler-664
Kepler-665,,0.76,Hydrogen,2018,Kepler-665
Kepler-666,,0.93,Hydrogen,2018,Kepler-666
Kepler-667,,0.87,Hydrogen,2018,Kepler-667
Kepler-668,,0.71,Hydrogen,2018,Kepler-668
Kepler-669,M0.0,0.65,Hydrogen,2015,Kepler-669
Kepler-67,M0.0,0.65,Hydrogen,2015,Kepler-67
Kepler-670,,0.89,Hydrogen,2018,Kepler-670
Kepler-671,,0.82,Hydrogen,2018,Kepler-671
Kepler-672,,0.65,Hydrogen,2018,Kepler-672
Kepler-673,,1.2,Hydrogen,2018,Kepler-673
Kepler-674,,1.27,Hydrogen,2018,Kepler-674
Kepler-675,,0.97,Hydrogen,2018,Kepler-675
Kepler-676,K5 V,0.72,Hydrogen,2018,Kepler-676
Kepler-677,,1.33,Hydrogen,2018,Kepler-677
Kepler-678,,1.01,Hydrogen,2018,Kepler-678
Kepler-679,,1.19,Hydrogen,2018,Kepler-679
Kepler-68,,1.19,Hydrogen,2018,Kepler-68
Kepler-680,,0.95,Hydrogen,2018,Kepler-680
Kepler-681,,1.12,Hydrogen,2018,Kepler-681
Kepler-682,,1,Hydrogen,2018,Kepler-682
Kepler-683,,1,Hydrogen,2018,Kepler-683
Kepler-684,,0.84,Hydrogen,2018,Kepler-684
Kepler-685,,0.84,Hydrogen,2018,Kepler-685
Kepler-686,,1.7,Hydrogen,2018,Kepler-686
Kepler-687,,0.91,Hydrogen,2018,Kepler-687
Kepler-688,,0.89,Hydrogen,2018,Kepler-688
Kepler-689,,0.65,Hydrogen,2018,Kepler-689
Kepler-69,G9,0.79,Hydrogen,2018,Kepler-69
Kepler-690,,1.39,Hydrogen,2018,Kepler-690
Kepler-691,,0.95,Hydrogen,2018,Kepler-691
Kepler-692,,1.16,Hydrogen,2018,Kepler-692
Kepler-693,K3,0.71,Hydrogen,2018,Kepler-693
Kepler-694,K3,0.71,Hydrogen,2018,Kepler-694
Kepler-695,K3,0.71,Hydrogen,2018,Kepler-695
Kepler-696,,1.26,Hydrogen,2018,Kepler-696
Kepler-697,G2 V,1.59,Hydrogen,2018,Kepler-697
Kepler-698,M3.0 V,0.36,Hydrogen,2018,Kepler-698
Kepler-7,M3.0 V,0.36,Hydrogen,2018,Kepler-7
Kepler-700,M3.0 V,0.36,Hydrogen,2018,Kepler-700
Kepler-701,G9 V,1.16,Hydrogen,2016,Kepler-701
Kepler-702,G9 V,1.16,Hydrogen,2016,Kepler-702
Kepler-703,M0.5 V,0.54,Hydrogen,2018,Kepler-703
Kepler-704,M0.5 V,0.54,Hydrogen,2018,Kepler-704
Kepler-705,,0.75,Hydrogen,2018,Kepler-705
Kepler-707,,0.37,Hydrogen,2018,Kepler-707
Kepler-708,,1.39,Hydrogen,2018,Kepler-708
Kepler-709,,1.39,Hydrogen,2018,Kepler-709
Kepler-710,,0.92,Hydrogen,2018,Kepler-710
Kepler-711,,1.25,Hydrogen,2018,Kepler-711
Kepler-712,,0.94,Hydrogen,2018,Kepler-712
Kepler-713,,0.69,Hydrogen,2018,Kepler-713
Kepler-714,,0.92,Hydrogen,2018,Kepler-714
Kepler-715,,1.57,Hydrogen,2018,Kepler-715
Kepler-716,M4.5 V,0.29,Hydrogen,2015,Kepler-716
Kepler-717,,0.49,Hydrogen,2018,Kepler-717
Kepler-718,,0.82,Hydrogen,2018,Kepler-718
Kepler-719,,1.1,Hydrogen,2018,Kepler-719
Kepler-720,,0.67,Hydrogen,2018,Kepler-720
Kepler-721,,0.67,Hydrogen,2018,Kepler-721
Kepler-722,,0.69,Hydrogen,2018,Kepler-722
Kepler-723,,1.31,Hydrogen,2018,Kepler-723
Kepler-724,,1.13,Hydrogen,2018,Kepler-724
Kepler-725,M1.0 V,0.52,Hydrogen,2016,Kepler-725
Kepler-726,,1.69,Hydrogen,2018,Kepler-726
Kepler-727,,1.67,Hydrogen,2018,Kepler-727
Kepler-728,G9 V,0.85,Hydrogen,2018,Kepler-728
Kepler-729,M2.5 V,0.47,Hydrogen,2018,Kepler-729
Kepler-730,M2.5 V,0.47,Hydrogen,2018,Kepler-730
Kepler-731,,0.7,Hydrogen,2018,Kepler-731
Kepler-732,,0.7,Hydrogen,2018,Kepler-732
Kepler-733,,0.7,Hydrogen,2018,Kepler-733
Kepler-734,,0.78,Hydrogen,2018,Kepler-734
Kepler-735,,0.78,Hydrogen,2018,Kepler-735
Kepler-736,,0.78,Hydrogen,2018,Kepler-736
Kepler-737,,0.78,Hydrogen,2018,Kepler-737
Kepler-738,,0.78,Hydrogen,2018,Kepler-738
Kepler-739,,1.45,Hydrogen,2018,Kepler-739
Kepler-74,,0.86,Hydrogen,2016,Kepler-74
Kepler-740,,0.77,Hydrogen,2018,Kepler-740
Kepler-741,,0.77,Hydrogen,2018,Kepler-741
Kepler-742,,0.99,Hydrogen,2018,Kepler-742
Kepler-743,,0.83,Hydrogen,2018,Kepler-743
Kepler-744,,0.85,Hydrogen,2018,Kepler-744
Kepler-745,,0.7,Hydrogen,2018,Kepler-745
Kepler-746,,0.69,Hydrogen,2018,Kepler-746
Kepler-747,,0.69,Hydrogen,2018,Kepler-747
Kepler-748,,0.85,Hydrogen,2018,Kepler-748
Kepler-749,,0.97,Hydrogen,2018,Kepler-749
Kepler-75,,1.61,Hydrogen,2018,Kepler-75
Kepler-750,,0.86,Hydrogen,2018,Kepler-750
Kepler-751,,1.28,Hydrogen,2018,Kepler-751
Kepler-752,,0.76,Hydrogen,2018,Kepler-752
Kepler-753,,1,Hydrogen,2019,Kepler-753
Kepler-754,,0.82,Hydrogen,2018,Kepler-754
Kepler-755,,0.61,Hydrogen,2018,Kepler-755
Kepler-756,K2 V,0.79,Hydrogen,2018,Kepler-756
Kepler-757,K2 V,0.79,Hydrogen,2018,Kepler-757
Kepler-758,K2 V,0.79,Hydrogen,2018,Kepler-758
Kepler-759,,1.03,Hydrogen,2019,Kepler-759
Kepler-76,G7 V,0.86,Hydrogen,2016,Kepler-76
Kepler-760,,1.51,Hydrogen,2019,Kepler-760
Kepler-761,,0.9,Hydrogen,2019,Kepler-761
Kepler-762,G3 V,1.09,Hydrogen,2019,Kepler-762
Kepler-763,,0.95,Hydrogen,2019,Kepler-763
Kepler-764,M V,0.55,Hydrogen,2015,Kepler-764
Kepler-765,M V,0.55,Hydrogen,2015,Kepler-765
Kepler-766,M V,0.55,Hydrogen,2015,Kepler-766
Kepler-767,G6 V,0.84,Hydrogen,2016,Kepler-767
Kepler-768,,1.24,Hydrogen,2019,Kepler-768
Kepler-769,G7 V,0.78,Hydrogen,2016,Kepler-769
Kepler-77,M(3.5+/-0.5) V,0.2,Hydrogen,2020,Kepler-77
Kepler-770,,0.38,Hydrogen,2020,Kepler-770
Kepler-771,,0.55,Hydrogen,2020,Kepler-771
Kepler-772,,0.9,Hydrogen,2020,Kepler-772
Kepler-773,G9 V,0.86,Hydrogen,2016,Kepler-773
Kepler-774,G9 V,0.86,Hydrogen,2016,Kepler-774
Kepler-775,G9 V,0.86,Hydrogen,2016,Kepler-775
Kepler-776,G9 V,0.86,Hydrogen,2016,Kepler-776
Kepler-777,,0.3,Hydrogen,2020,Kepler-777
Kepler-778,,0.58,Hydrogen,2020,Kepler-778
Kepler-779,,0.6,Hydrogen,2020,Kepler-779
Kepler-78,,0.55,Hydrogen,2020,Kepler-78
Kepler-780,,0.51,Hydrogen,2020,Kepler-780
Kepler-781,,0.3,Hydrogen,2020,Kepler-781
Kepler-782,,0.69,Hydrogen,2020,Kepler-782
Kepler-783,,0.89,Hydrogen,2020,Kepler-783
Kepler-784,,1.5,Hydrogen,2021,Kepler-784
Kepler-785,,1.06,Hydrogen,2021,Kepler-785
Kepler-786,,0.28,Hydrogen,2021,Kepler-786
Kepler-787,,1.22,Hydrogen,2021,Kepler-787
Kepler-788,,1.49,Hydrogen,2021,Kepler-788
Kepler-789,,1.33,Hydrogen,2021,Kepler-789
Kepler-79,,0.8,Hydrogen,2021,Kepler-79
Kepler-790,F,1.42,Hydrogen,2016,Kepler-790
Kepler-791,,1.13,Hydrogen,2021,Kepler-791
Kepler-792,,1.16,Hydrogen,2021,Kepler-792
Kepler-793,,1.09,Hydrogen,2021,Kepler-793
Kepler-794,,0.46,Hydrogen,2021,Kepler-794
Kepler-795,,0.46,Hydrogen,2021,Kepler-795
Kepler-796,,0.49,Hydrogen,2021,Kepler-796
Kepler-797,,0.52,Hydrogen,2021,Kepler-797
Kepler-798,,0.7,Hydrogen,2021,Kepler-798
Kepler-799,,0.63,Hydrogen,2021,Kepler-799
Kepler-8,,0.85,Hydrogen,2021,Kepler-8
Kepler-80,,0.49,Hydrogen,2021,Kepler-80
Kepler-800,,0.95,Hydrogen,2021,Kepler-800
Kepler-801,,0.95,Hydrogen,2021,Kepler-801
Kepler-802,,0.95,Hydrogen,2021,Kepler-802
Kepler-803,,0.99,Hydrogen,2021,Kepler-803
Kepler-804,,0.41,Hydrogen,2021,Kepler-804
Kepler-805,,0.86,Hydrogen,2021,Kepler-805
Kepler-806,,1,Hydrogen,2021,Kepler-806
Kepler-808,,0.91,Hydrogen,2021,Kepler-808
Kepler-809,K2 V,0.72,Hydrogen,2016,Kepler-809
Kepler-81,K2 V,0.72,Hydrogen,2016,Kepler-81
Kepler-810,,0.94,Hydrogen,2022,Kepler-810
Kepler-811,,0.62,Hydrogen,2022,Kepler-811
Kepler-812,,0.66,Hydrogen,2022,Kepler-812
Kepler-813,,0.66,Hydrogen,2022,Kepler-813
Kepler-814,,0.66,Hydrogen,2022,Kepler-814
Kepler-815,,0.88,Hydrogen,2022,Kepler-815
Kepler-816,G3 V,0.85,Hydrogen,2016,Kepler-816
Kepler-817,G3 V,0.85,Hydrogen,2016,Kepler-817
Kepler-818,G3 V,0.85,Hydrogen,2016,Kepler-818
Kepler-819,G8,0.97,Hydrogen,2022,Kepler-819
Kepler-82,,0.74,Hydrogen,2022,Kepler-82
Kepler-820,,1.54,Hydrogen,2022,Kepler-820
Kepler-821,G1,1.15,Hydrogen,2022,Kepler-821
Kepler-822,,0.69,Hydrogen,2022,Kepler-822
Kepler-823,,0.73,Hydrogen,2022,Kepler-823
Kepler-824,,0.75,Hydrogen,2022,Kepler-824
Kepler-825,G2 V,1.14,Hydrogen,2016,Kepler-825
Kepler-826,,1.32,Hydrogen,2022,Kepler-826
Kepler-827,,0.68,Hydrogen,2022,Kepler-827
Kepler-828,,0.68,Hydrogen,2022,Kepler-828
Kepler-829,,0.68,Hydrogen,2022,Kepler-829
Kepler-83,,0.81,Hydrogen,2022,Kepler-83
Kepler-830,M4 V,0.35,Hydrogen,2022,Kepler-830
Kepler-831,M4 V,0.35,Hydrogen,2022,Kepler-831
Kepler-832,M4 V,0.35,Hydrogen,2022,Kepler-832
Kepler-833,M4 V,0.35,Hydrogen,2022,Kepler-833
Kepler-834,,0.76,Hydrogen,2022,Kepler-834
Kepler-835,,0.97,Hydrogen,2022,Kepler-835
Kepler-836,,0.59,Hydrogen,2022,Kepler-836
Kepler-837,G8,0.9,Hydrogen,2022,Kepler-837
Kepler-838,G3,1.08,Hydrogen,2022,Kepler-838
Kepler-839,G3,1.08,Hydrogen,2022,Kepler-839
Kepler-84,,2.97,Hydrogen,2016,Kepler-84
Kepler-841,,0.63,Hydrogen,2022,Kepler-841
Kepler-842,K0,0.78,Hydrogen,2022,Kepler-842
Kepler-843,K0,0.78,Hydrogen,2022,Kepler-843
Kepler-844,G9,0.92,Hydrogen,2022,Kepler-844
Kepler-845,G9,0.92,Hydrogen,2022,Kepler-845
Kepler-846,G7,0.97,Hydrogen,2022,Kepler-846
Kepler-847,G2,1.24,Hydrogen,2022,Kepler-847
Kepler-848,G2,1.24,Hydrogen,2022,Kepler-848
Kepler-849,,0.57,Hydrogen,2015,Kepler-849
Kepler-85,M3,0.38,Hydrogen,2022,Kepler-85
Kepler-850,M1,0.55,Hydrogen,2022,Kepler-850
Kepler-851,K0,0.77,Hydrogen,2022,Kepler-851
Kepler-852,G4,0.96,Hydrogen,2022,Kepler-852
Kepler-853,G4,0.93,Hydrogen,2022,Kepler-853
Kepler-855,G4,0.93,Hydrogen,2022,Kepler-855
Kepler-856,G7,0.78,Hydrogen,2022,Kepler-856
Kepler-857,G4,1.23,Hydrogen,2022,Kepler-857
Kepler-858,,1.38,Hydrogen,2022,Kepler-858
Kepler-859,,0.98,Hydrogen,2022,Kepler-859
Kepler-860,,0.7,Hydrogen,2022,Kepler-860
Kepler-861,,0.7,Hydrogen,2022,Kepler-861
Kepler-862,,0.73,Hydrogen,2022,Kepler-862
Kepler-996,,0.73,Hydrogen,2022,Kepler-996
Kepler-997,M5 V,0.2,Hydrogen,2023,Kepler-997
Kepler-998,M V,0.55,Hydrogen,2023,Kepler-998
Kepler-999,M V,0.58,Hydrogen,2023,Kepler-999
L 168-9,,0.54,Hydrogen,2024,L 168-9
L 363-38,,0.64,Hydrogen,2016,L 363-38
L 98-59,,0.56,Hydrogen,2016,L 98-59
LHS 1140,,1.29,Hydrogen,2016,LHS 1140
LHS 1478,,0.73,Hydrogen,2016,LHS 1478
LHS 1678,,0.45,Hydrogen,2016,LHS 1678
LHS 1815,,0.55,Hydrogen,2019,LHS 1815
LHS 3154,,2.19,Hydrogen,2016,LHS 3154
LHS 3844,,0.81,Hydrogen,2016,LHS 3844
LHS 475,,0.64,Hydrogen,2016,LHS 475
LP 714-47,,0.63,Hydrogen,2016,LP 714-47
LP 791-18,,0.67,Hydrogen,2016,LP 791-18
LP 890-9,,0.86,Hydrogen,2016,LP 890-9
LSPM J2116+0234,,0.73,Hydrogen,2016,LSPM J2116+0234
LTT 1445,,0.96,Hydrogen,2015,LTT 1445 A
LTT 3780,,1.36,Hydrogen,2016,LTT 3780
LTT 9779,,0.73,Hydrogen,2016,LTT 9779
LkCa 15,,1.63,Hydrogen,2016,LkCa 15
Luhman 16,,0.73,Hydrogen,2016,Luhman 16 A
Lupus-TR-3,,0.84,Hydrogen,2016,Lupus-TR-3
M62H,,1.67,Hydrogen,2016,M62H
MASCARA-1,,0.68,Hydrogen,2016,MASCARA-1
MASCARA-4,,0.49,Hydrogen,2016,MASCARA-4
MOA-2007-BLG-192L,,1.6,Hydrogen,2015,MOA-2007-BLG-192L
MOA-2007-BLG-400L,,0.93,Hydrogen,2016,MOA-2007-BLG-400L
MOA-2008-BLG-310L,,0.43,Hydrogen,2016,MOA-2008-BLG-310L
MOA-2008-BLG-379L,,0.33,Hydrogen,2016,MOA-2008-BLG-379L
MOA-2009-BLG-266L,,0.33,Hydrogen,2016,MOA-2009-BLG-266L
MOA-2009-BLG-319L,,0.33,Hydrogen,2016,MOA-2009-BLG-319L
MOA-2009-BLG-387L,,0.33,Hydrogen,2016,MOA-2009-BLG-387L
MOA-2010-BLG-073L,,1.06,Hydrogen,2016,MOA-2010-BLG-073L
MOA-2010-BLG-117L,,0.98,Hydrogen,2016,MOA-2010-BLG-117L
MOA-2010-BLG-328L,,1.56,Hydrogen,2016,MOA-2010-BLG-328L
MOA-2010-BLG-353L,,1.56,Hydrogen,2016,MOA-2010-BLG-353L
MOA-2010-BLG-477L,,0.78,Hydrogen,2016,MOA-2010-BLG-477L
MOA-2011-BLG-028L,,1.27,Hydrogen,2016,MOA-2011-BLG-028L
MOA-2011-BLG-262L,K3 V,0.74,Hydrogen,2015,MOA-2011-BLG-262L
MOA-2011-BLG-291L,K3 V,0.74,Hydrogen,2015,MOA-2011-BLG-291L
MOA-2011-BLG-293L,,0.87,Hydrogen,2016,MOA-2011-BLG-293L
MOA-2011-BLG-322L,,0.87,Hydrogen,2016,MOA-2011-BLG-322L
MOA-2012-BLG-006L,,0.84,Hydrogen,2016,MOA-2012-BLG-006L
MOA-2012-BLG-505L,,0.63,Hydrogen,2016,MOA-2012-BLG-505L
MOA-2013-BLG-220L,,0.42,Hydrogen,2016,MOA-2013-BLG-220L
MOA-2013-BLG-605L,,0.42,Hydrogen,2016,MOA-2013-BLG-605L
MOA-2015-BLG-337L,,0.93,Hydrogen,2016,MOA-2015-BLG-337L
MOA-2016-BLG-227L,,0.93,Hydrogen,2016,MOA-2016-BLG-227L
MOA-2016-BLG-319L,,0.68,Hydrogen,2016,MOA-2016-BLG-319L
MOA-2016-BLG-526L,,0.76,Hydrogen,2016,MOA-2016-BLG-526L
MOA-2019-BLG-008L,,1.4,Hydrogen,2016,MOA-2019-BLG-008L
MOA-2020-BLG-135L,,0.26,Hydrogen,2016,MOA-2020-BLG-135L
MOA-2020-BLG-208L,,0.32,Hydrogen,2016,MOA-2020-BLG-208L
MOA-2022-BLG-249L,M2.5 V,0.31,Hydrogen,2015,MOA-2022-BLG-249L
MOA-2022-BLG-563L,,0.62,Hydrogen,2016,MOA-2022-BLG-563L
MOA-bin-1L,,0.63,Hydrogen,2016,MOA-bin-1L
MOA-bin-29,,0.28,Hydrogen,2016,MOA-bin-29
MWC 758,M3.0,0.4,Hydrogen,2016,MWC 758
MXB 1658-298,,4.2,Hydrogen,2016,MXB 1658-298
NGC 2682 Sand 1429,,1.57,Hydrogen,2016,NGC 2682 Sand 1429
NGC 2682 Sand 364,G0 IV,2.63,Hydrogen,2016,NGC 2682 Sand 364
NGC 2682 Sand 978,,1.46,Hydrogen,2012,NGC 2682 Sand 978
NGC 2682 YBP 1194,G0 V,1.21,Hydrogen,2016,NGC 2682 YBP 1194
NGC 2682 YBP 1514,G8/K0 IV,2.69,Hydrogen,2017,NGC 2682 YBP 1514
NGC 2682 YBP 401,,2.37,Hydrogen,2017,NGC 2682 YBP 401
NGTS-1,G4,1.52,Hydrogen,2016,NGTS-1
NGTS-10,,1.78,Hydrogen,2016,NGTS-10
NGTS-11,F7 V,1.36,Hydrogen,2017,NGTS-11
NGTS-12,A,1.65,Hydrogen,2016,NGTS-12
NGTS-13,,1.91,Hydrogen,2017,NGTS-13
NGTS-14,A8 V,1.83,Hydrogen,2017,NGTS-14 A
NGTS-15,F8,1.93,Hydrogen,2012,NGTS-15
NGTS-16,A2 V,1.57,Hydrogen,2017,NGTS-16
NGTS-17,,1.64,Hydrogen,2018,NGTS-17
NGTS-18,G2 V,1,Hydrogen,2019,NGTS-18
NGTS-2,F7,1.34,Hydrogen,2019,NGTS-2
NGTS-20,,1.47,Hydrogen,2013,NGTS-20
NGTS-21,,1.6,Hydrogen,2016,NGTS-21
NGTS-23,F8,1.73,Hydrogen,2014,NGTS-23
NGTS-24,F8,1.53,Hydrogen,2014,NGTS-24
NGTS-25,F,1.73,Hydrogen,2015,NGTS-25
NGTS-26,G2 V,1.46,Hydrogen,2015,NGTS-26
NGTS-27,B9.5-A0,2.36,Hydrogen,2017,NGTS-27
NGTS-3,,0.18,Hydrogen,2014,NGTS-3 A
NGTS-30,,0.18,Hydrogen,2014,NGTS-30
TOI-6442,,0.18,Hydrogen,2014,NGTS-33
NGTS-4,,1.57,Hydrogen,2021,NGTS-4
NGTS-5,,1.01,Hydrogen,2015,NGTS-5
NGTS-6,,5.86,Hydrogen,2022,NGTS-6
NGTS-8,,1.01,Hydrogen,2015,NGTS-8
NGTS-9,,1.24,Hydrogen,2015,NGTS-9
NN Ser,,0.89,Hydrogen,2021,NN Ser
NSVS 14256825,,2.23,Hydrogen,2021,NSVS 14256825
NY Vir,,1.26,Hydrogen,2015,NY Vir
OGLE-2003-BLG-235L,,1.03,Hydrogen,2015,OGLE-2003-BLG-235L
OGLE-2005-BLG-071L,,,Hydrogen,2018,OGLE-2005-BLG-071L
OGLE-2005-BLG-169L,,,Hydrogen,2023,OGLE-2005-BLG-169L
OGLE-2005-BLG-390L,,,Hydrogen,2019,OGLE-2005-BLG-390L
OGLE-2006-BLG-109L,,,Hydrogen,2018,OGLE-2006-BLG-109L
OGLE-2006-BLG-284L,,,Hydrogen,2019,OGLE-2006-BLG-284L A
OGLE-2007-BLG-349L,,,Hydrogen,2018,OGLE-2007-BLG-349L A
OGLE-2007-BLG-368L,,,Hydrogen,2024,OGLE-2007-BLG-368L
OGLE-2008-BLG-092L,,,Hydrogen,2020,OGLE-2008-BLG-092L
OGLE-2008-BLG-355L,,,Hydrogen,2020,OGLE-2008-BLG-355L
OGLE-2011-BLG-0173L,,,Hydrogen,2021,OGLE-2011-BLG-0173L
OGLE-2011-BLG-0251L,,,Hydrogen,2018,OGLE-2011-BLG-0251L
OGLE-2011-BLG-0265L,,,Hydrogen,2023,OGLE-2011-BLG-0265L
OGLE-2012-BLG-0026L,,,Hydrogen,2022,OGLE-2012-BLG-0026L
OGLE-2012-BLG-0358L,,,Hydrogen,2019,OGLE-2012-BLG-0358L
OGLE-2012-BLG-0406L,,,Hydrogen,2019,OGLE-2012-BLG-0406L
OGLE-2012-BLG-0563L,,,Hydrogen,2023,OGLE-2012-BLG-0563L
OGLE-2012-BLG-0724L,,,Hydrogen,2021,OGLE-2012-BLG-0724L
OGLE-2012-BLG-0838L,,,Hydrogen,2020,OGLE-2012-BLG-0838L
OGLE-2012-BLG-0950L,,,Hydrogen,2022,OGLE-2012-BLG-0950L
OGLE-2013-BLG-0102L,,,Hydrogen,2022,OGLE-2013-BLG-0102L
OGLE-2013-BLG-0132L,,,Hydrogen,2022,OGLE-2013-BLG-0132L
OGLE-2013-BLG-0341L,,,Hydrogen,2020,OGLE-2013-BLG-0341L B
OGLE-2013-BLG-0911L,,,Hydrogen,2023,OGLE-2013-BLG-0911L
OGLE-2013-BLG-1721L,,,Hydrogen,2021,OGLE-2013-BLG-1721L
OGLE-2013-BLG-1761L,,,Hydrogen,2020,OGLE-2013-BLG-1761L
OGLE-2014-BLG-0124L,,,Hydrogen,2021,OGLE-2014-BLG-0124L
OGLE-2014-BLG-0221L,,,Hydrogen,2021,OGLE-2014-BLG-0221L
OGLE-2014-BLG-0319L,,,Hydrogen,2022,OGLE-2014-BLG-0319L
OGLE-2014-BLG-0676L,M,,Hydrogen,2019,OGLE-2014-BLG-0676L
OGLE-2014-BLG-1722L,,,Hydrogen,2021,OGLE-2014-BLG-1722L
OGLE-2014-BLG-1760L,,,Hydrogen,2022,OGLE-2014-BLG-1760L
OGLE-2015-BLG-0051L,,,Hydrogen,2023,OGLE-2015-BLG-0051L
OGLE-2015-BLG-0954L,,,Hydrogen,2023,OGLE-2015-BLG-0954L
OGLE-2015-BLG-0966L,,,Hydrogen,2023,OGLE-2015-BLG-0966L
OGLE-2015-BLG-1649L,,,Hydrogen,2021,OGLE-2015-BLG-1649L
OGLE-2015-BLG-1670L,,,Hydrogen,2022,OGLE-2015-BLG-1670L
OGLE-2015-BLG-1771L,,,Hydrogen,2020,OGLE-2015-BLG-1771L
OGLE-2016-BLG-0263L,,,Hydrogen,2022,OGLE-2016-BLG-0263L
OGLE-2016-BLG-0613L,,,Hydrogen,2022,OGLE-2016-BLG-0613L AB
OGLE-2016-BLG-1067L,,,Hydrogen,2023,OGLE-2016-BLG-1067L
OGLE-2016-BLG-1093L,,,Hydrogen,2020,OGLE-2016-BLG-1093L
OGLE-2016-BLG-1190L,,,Hydrogen,2023,OGLE-2016-BLG-1190L
OGLE-2016-BLG-1195L,,,Hydrogen,2022,OGLE-2016-BLG-1195L
OGLE-2016-BLG-1227L,,,Hydrogen,2021,OGLE-2016-BLG-1227L
OGLE-2016-BLG-1598L,,,Hydrogen,2023,OGLE-2016-BLG-1598L
OGLE-2016-BLG-1800L,,,Hydrogen,2020,OGLE-2016-BLG-1800L
OGLE-2017-BLG-0173L,,,Hydrogen,2023,OGLE-2017-BLG-0173L
OGLE-2017-BLG-0373L,,,Hydrogen,2022,OGLE-2017-BLG-0373L
OGLE-2017-BLG-0406L,,,Hydrogen,2021,OGLE-2017-BLG-0406L
OGLE-2017-BLG-0448L,,,Hydrogen,2021,OGLE-2017-BLG-0448L
OGLE-2017-BLG-0482L,,,Hydrogen,2022,OGLE-2017-BLG-0482L
OGLE-2017-BLG-0604L,,,Hydrogen,2022,OGLE-2017-BLG-0604L
OGLE-2017-BLG-0640L,,,Hydrogen,2022,OGLE-2017-BLG-0640L
OGLE-2017-BLG-1049L,,,Hydrogen,2022,OGLE-2017-BLG-1049L
OGLE-2017-BLG-1099L,,,Hydrogen,2022,OGLE-2017-BLG-1099L
OGLE-2017-BLG-1140L,,,Hydrogen,2021,OGLE-2017-BLG-1140L
OGLE-2017-BLG-1237L,,,Hydrogen,2023,OGLE-2017-BLG-1237L
OGLE-2017-BLG-1275L,,,Hydrogen,2022,OGLE-2017-BLG-1275L
OGLE-2017-BLG-1375L,,,Hydrogen,2023,OGLE-2017-BLG-1375L
OGLE-2017-BLG-1434L,K,,Hydrogen,2022,OGLE-2017-BLG-1434L
OGLE-2017-BLG-1522L,M V,,Hydrogen,2022,OGLE-2017-BLG-1522L
OGLE-2017-BLG-1691L,M V,,Hydrogen,2022,OGLE-2017-BLG-1691L
OGLE-2017-BLG-1806L,,,Hydrogen,2023,OGLE-2017-BLG-1806L
OGLE-2018-BLG-0298L,,,Hydrogen,2023,OGLE-2018-BLG-0298L
OGLE-2018-BLG-0383L,,,Hydrogen,2022,OGLE-2018-BLG-0383L
OGLE-2018-BLG-0506L,,,Hydrogen,2022,OGLE-2018-BLG-0506L
OGLE-2018-BLG-0516L,,,Hydrogen,2022,OGLE-2018-BLG-0516L
OGLE-2018-BLG-0532L,,,Hydrogen,2022,OGLE-2018-BLG-0532L
OGLE-2018-BLG-0567L,,,Hydrogen,2023,OGLE-2018-BLG-0567L
OGLE-2018-BLG-0596L,,,Hydrogen,2022,OGLE-2018-BLG-0596L
OGLE-2018-BLG-0677L,,,Hydrogen,2022,OGLE-2018-BLG-0677L
OGLE-2018-BLG-0740L,,,Hydrogen,2023,OGLE-2018-BLG-0740L
OGLE-2018-BLG-0799L,,,Hydrogen,2022,OGLE-2018-BLG-0799L
OGLE-2018-BLG-0932L,,,Hydrogen,2023,OGLE-2018-BLG-0932L
OGLE-2018-BLG-0962L,,,Hydrogen,2022,OGLE-2018-BLG-0962L
OGLE-2018-BLG-0977L,,,Hydrogen,2023,OGLE-2018-BLG-0977L
OGLE-2018-BLG-1011L,,,Hydrogen,2024,OGLE-2018-BLG-1011L
OGLE-2018-BLG-1119L,,,Hydrogen,2023,OGLE-2018-BLG-1119L
OGLE-2018-BLG-1126L,,,Hydrogen,2023,OGLE-2018-BLG-1126L
OGLE-2018-BLG-1185L,,,Hydrogen,2023,OGLE-2018-BLG-1185L
OGLE-2018-BLG-1212L,,,Hydrogen,2024,OGLE-2018-BLG-1212L
OGLE-2018-BLG-1269L,,,Hydrogen,2024,OGLE-2018-BLG-1269L
OGLE-2018-BLG-1367L,,,Hydrogen,2024,OGLE-2018-BLG-1367L
OGLE-2018-BLG-1428L,,,Hydrogen,2024,OGLE-2018-BLG-1428L
OGLE-2018-BLG-1647L,,,Hydrogen,2024,OGLE-2018-BLG-1647L
OGLE-2018-BLG-1700L,,,Hydrogen,2024,OGLE-2018-BLG-1700L
OGLE-2019-BLG-0249L,,,Hydrogen,2024,OGLE-2019-BLG-0249L
OGLE-2019-BLG-0299L,,,Hydrogen,2024,OGLE-2019-BLG-0299L
OGLE-2019-BLG-0304L,,,Hydrogen,2024,OGLE-2019-BLG-0304L
OGLE-2019-BLG-0362L,,,Hydrogen,2024,OGLE-2019-BLG-0362L
OGLE-2019-BLG-0468L,,1.4,Hydrogen,2015,OGLE-2019-BLG-0468L
OGLE-2019-BLG-0679L,,1.76,Hydrogen,2011,OGLE-2019-BLG-0679L
OGLE-2019-BLG-0954L,G6 V,0.9,Hydrogen,2013,OGLE-2019-BLG-0954L
OGLE-2019-BLG-0960L,G6 V,0.9,Hydrogen,2013,OGLE-2019-BLG-0960L
OGLE-2019-BLG-1053L,,0.97,Hydrogen,2019,OGLE-2019-BLG-1053L
OGLE-2019-BLG-1180L,,0.97,Hydrogen,2019,OGLE-2019-BLG-1180L
OGLE-2019-BLG-1470L,,1.14,Hydrogen,2020,OGLE-2019-BLG-1470L A
OGLE-2019-BLG-1492L,,1.14,Hydrogen,2020,OGLE-2019-BLG-1492L
OGLE-2023-BLG-0836L,,0.84,Hydrogen,2021,OGLE-2023-BLG-0836L
OGLE-TR-10,,0.67,Hydrogen,2021,OGLE-TR-10
OGLE-TR-111,,0.86,Hydrogen,2010,OGLE-TR-111
OGLE-TR-113,,1.2,Hydrogen,2023,OGLE-TR-113
OGLE-TR-132,,1.26,Hydrogen,2021,OGLE-TR-132
OGLE-TR-182,,1.26,Hydrogen,2021,OGLE-TR-182
OGLE-TR-211,,1.2,Hydrogen,2013,OGLE-TR-211
OGLE-TR-56,,1.2,Hydrogen,2013,OGLE-TR-56
OGLE2-TR-L9,,1.2,Hydrogen,2013,OGLE2-TR-L9
Oph 11,,1.2,Hydrogen,2013,Oph 11
PDS 70,,1.2,Hydrogen,2013,PDS 70
PH1,,1.2,Hydrogen,2013,PH1
PH2,,0.96,Hydrogen,2018,PH2
POTS-1,,0.4,Hydrogen,2014,POTS-1
PSR B0329+54,G,0.97,Hydrogen,2024,PSR B0329+54
PSR B1257+12,B,0.2,Hydrogen,2011,PSR B1257+12
PSR B1620-26,K6 V,0.79,Hydrogen,2022,PSR B1620-26
PSR J1719-1438,,1.52,Hydrogen,2013,PSR J1719-1438
PSR J2322-2650,,1.52,Hydrogen,2013,PSR J2322-2650
PZ Tel,,1.52,Hydrogen,2013,PZ Tel
Pr0201,,1.52,Hydrogen,2013,Pr0201
Pr0211,,0.82,Hydrogen,2022,Pr0211
alf Cen,K1 V,0.91,Hydrogen,2018,Proxima Cen
Qatar-1,M2.0V,0.29,Hydrogen,2014,Qatar-1
Qatar-10,,1.06,Hydrogen,2011,Qatar-10
Qatar-2,,1.06,Hydrogen,2011,Qatar-2
Qatar-3,,1.06,Hydrogen,2011,Qatar-3
Qatar-4,,1.49,Hydrogen,2014,Qatar-4
Qatar-5,,1.49,Hydrogen,2014,Qatar-5
Qatar-6,,1.49,Hydrogen,2014,Qatar-6
Qatar-7,,1.51,Hydrogen,2014,Qatar-7
Qatar-8,,1.51,Hydrogen,2016,Qatar-8
Qatar-9,,0.88,Hydrogen,2016,Qatar-9
ROXs 12,,0.84,Hydrogen,2016,ROXs 12
ROXs 42,,1.57,Hydrogen,2016,ROXs 42 B
RR Cae,,1.17,Hydrogen,2016,RR Cae
Ross 128,,3.39,Hydrogen,2016,Ross 128
Ross 458,,1.06,Hydrogen,2016,Ross 458
Ross 508,,0.74,Hydrogen,2016,Ross 508
SPECULOOS-3,,0.7,Hydrogen,2016,SPECULOOS-3
SR 12,,0.78,Hydrogen,2016,SR 12 AB
SWEEPS-11,,0.57,Hydrogen,2016,SWEEPS-11
SWEEPS-4,G3 IV,1.56,Hydrogen,2014,SWEEPS-4
TAP 26,G3 IV,1.56,Hydrogen,2014,TAP 26
TCP J05074264+2447555,,0.82,Hydrogen,2016,TCP J05074264+2447555
TIC 139270665,,0.88,Hydrogen,2016,TIC 139270665
TIC 172900988,,0.76,Hydrogen,2016,TIC 172900988 Aa
TIC 237913194,,0.84,Hydrogen,2016,TIC 237913194
TIC 241249530,,1.81,Hydrogen,2016,TIC 241249530
TIC 257060897,,1,Hydrogen,2016,TIC 257060897
TIC 279401253,,1,Hydrogen,2016,TIC 279401253
TIC 365102760,,0.88,Hydrogen,2016,TIC 365102760
TIC 393818343,,0.67,Hydrogen,2016,TIC 393818343
TIC 46432937,,0.72,Hydrogen,2014,TIC 46432937
TIC 4672985,,0.72,Hydrogen,2014,TIC 4672985
TOI-1052,,0.72,Hydrogen,2014,TOI-1052
TOI-1062,,0.72,Hydrogen,2014,TOI-1062
TOI-1064,,0.86,Hydrogen,2016,TOI-1064
TOI-1075,,0.89,Hydrogen,2016,TOI-1075
TOI-1107,,0.78,Hydrogen,2016,TOI-1107
TOI-1130,,1.13,Hydrogen,2016,TOI-1130
TOI-1135,,0.82,Hydrogen,2016,TOI-1135
TOI-1136,,0.87,Hydrogen,2016,TOI-1136
TOI-1173,,0.71,Hydrogen,2016,TOI-1173
TOI-1174,,0.92,Hydrogen,2016,TOI-1174
TOI-1180,,0.8,Hydrogen,2016,TOI-1180
TOI-1181,,0.97,Hydrogen,2016,TOI-1181
TOI-1184,,0.89,Hydrogen,2016,TOI-1184
TOI-1194,,0.78,Hydrogen,2016,TOI-1194
TOI-1199,,0.83,Hydrogen,2016,TOI-1199
TOI-1201,,0.82,Hydrogen,2016,TOI-1201
TOI-122,,0.74,Hydrogen,2016,TOI-122
TOI-1221,,1.35,Hydrogen,2014,TOI-1221
TOI-1224,,1.35,Hydrogen,2014,TOI-1224
TOI-1227,,0.96,Hydrogen,2016,TOI-1227
TOI-1231,,1.08,Hydrogen,2016,TOI-1231
TOI-1235,,0.72,Hydrogen,2016,TOI-1235
TOI-1244,,0.9,Hydrogen,2016,TOI-1244
TOI-1246,,1.11,Hydrogen,2016,TOI-1246
TOI-1248,,1.13,Hydrogen,2016,TOI-1248
TOI-1249,,0.7,Hydrogen,2016,TOI-1249
TOI-125,,0.49,Hydrogen,2016,TOI-125
TOI-1259,,1.13,Hydrogen,2016,TOI-1259 A
TOI-1260,,1.13,Hydrogen,2016,TOI-1260
TOI-1266,,0.85,Hydrogen,2016,TOI-1266
TOI-1268,,1.34,Hydrogen,2016,TOI-1268
TOI-1269,,0.94,Hydrogen,2016,TOI-1269
TOI-1272,,1.2,Hydrogen,2016,TOI-1272
TOI-1273,,0.69,Hydrogen,2016,TOI-1273
TOI-1278,,0.72,Hydrogen,2016,TOI-1278
TOI-1279,,1.04,Hydrogen,2014,TOI-1279
TOI-128,,1.04,Hydrogen,2014,TOI-128
TOI-1288,,1.04,Hydrogen,2014,TOI-1288
TOI-1294,,0.99,Hydrogen,2016,TOI-1294
TOI-1295,,0.7,Hydrogen,2016,TOI-1295
TOI-1296,,1.14,Hydrogen,2016,TOI-1296
TOI-1298,,0.79,Hydrogen,2016,TOI-1298
TOI-1301,,0.93,Hydrogen,2016,TOI-1301
TOI-132,,0.93,Hydrogen,2016,TOI-132
TOI-1333,,0.98,Hydrogen,2016,TOI-1333
TOI-1338,,0.93,Hydrogen,2016,TOI-1338 A
TOI-1347,,1.01,Hydrogen,2016,TOI-1347
TOI-1386,,1.45,Hydrogen,2014,TOI-1386
TOI-139,,1.45,Hydrogen,2014,TOI-139
TOI-1408,,1.45,Hydrogen,2014,TOI-1408
TOI-1410,,0.81,Hydrogen,2016,TOI-1410
TOI-1411,,1,Hydrogen,2016,TOI-1411
TOI-1416,,1,Hydrogen,2016,TOI-1416
TOI-1420,,1.12,Hydrogen,2016,TOI-1420
TOI-1422,,0.57,Hydrogen,2016,TOI-1422
TOI-1431,,0.54,Hydrogen,2016,TOI-1431
TOI-1437,,0.74,Hydrogen,2016,TOI-1437
TOI-1439,,1.02,Hydrogen,2016,TOI-1439
TOI-1442,,0.92,Hydrogen,2016,TOI-1442
TOI-1443,,1.36,Hydrogen,2016,TOI-1443
TOI-1444,,2.19,Hydrogen,2014,TOI-1444
TOI-1448,,2.19,Hydrogen,2014,TOI-1448
TOI-1450,,1.16,Hydrogen,2016,TOI-1450 A
TOI-1451,,1.14,Hydrogen,2016,TOI-1451
TOI-1452,,0.77,Hydrogen,2016,TOI-1452
TOI-1467,,1.28,Hydrogen,2016,TOI-1467
TOI-1468,,1.14,Hydrogen,2016,TOI-1468
TOI-5218,,1.08,Hydrogen,2016,TOI-5218
TOI-5232,,0.66,Hydrogen,2016,TOI-5232
TOI-5238,,0.66,Hydrogen,2016,TOI-5238
TOI-5293,,0.94,Hydrogen,2016,TOI-5293 A
TOI-530,,1.08,Hydrogen,2016,TOI-530
TOI-5301,,0.49,Hydrogen,2016,TOI-5301
TOI-5319,,1.39,Hydrogen,2014,TOI-5319
TOI-532,,1.39,Hydrogen,2014,TOI-532
TOI-5344,,0.82,Hydrogen,2016,TOI-5344
TOI-5388,,1.01,Hydrogen,2016,TOI-5388
TOI-5398,,1.03,Hydrogen,2016,TOI-5398
TOI-540,,1.2,Hydrogen,2016,TOI-540
TOI-544,,1.2,Hydrogen,2016,TOI-544
TOI-5542,,0.92,Hydrogen,2016,TOI-5542
TOI-558,,0.63,Hydrogen,2016,TOI-558
TOI-559,,0.79,Hydrogen,2016,TOI-559
TOI-561,,0.99,Hydrogen,2016,TOI-561
TOI-5616,,1.06,Hydrogen,2010,TOI-5616
TOI-5634,,1.06,Hydrogen,2010,TOI-5634 A
TOI-564,,1.06,Hydrogen,2010,TOI-564
TOI-5678,,1.06,Hydrogen,2010,TOI-5678
TOI-5688,,1.15,Hydrogen,2014,TOI-5688 A
TOI-5704,,1.15,Hydrogen,2014,TOI-5704
TOI-5713,,1.34,Hydrogen,2016,TOI-5713
TOI-5720,,0.91,Hydrogen,2016,TOI-5720
TOI-5726,,0.94,Hydrogen,2016,TOI-5726
TOI-5786,,1.15,Hydrogen,2016,TOI-5786
TOI-5799,,1.41,Hydrogen,2016,TOI-5799
TOI-5803,,0.68,Hydrogen,2016,TOI-5803
TOI-6002,,1.17,Hydrogen,2016,TOI-6002
TOI-6008,,0.82,Hydrogen,2016,TOI-6008
TOI-6016,,0.84,Hydrogen,2016,TOI-6016
TOI-6029,,1.06,Hydrogen,2016,TOI-6029
TOI-6034,,1.16,Hydrogen,2014,TOI-6034
TOI-6038,,1.15,Hydrogen,2014,TOI-6038 A
TOI-6054,,0.7,Hydrogen,2016,TOI-6054
TOI-6086,,1.54,Hydrogen,2016,TOI-6086
TOI-6130,,1.17,Hydrogen,2016,TOI-6130
TOI-615,,0.83,Hydrogen,2016,TOI-615
TOI-620,,1.73,Hydrogen,2016,TOI-620
TOI-622,,0.93,Hydrogen,2016,TOI-622
TOI-6255,,0.93,Hydrogen,2016,TOI-6255
TOI-628,,0.97,Hydrogen,2016,TOI-628
TOI-6383,,1.17,Hydrogen,2016,TOI-6383 A
TOI-640,,0.84,Hydrogen,2014,TOI-640
TOI-654,,0.84,Hydrogen,2014,TOI-654
TOI-663,,0.74,Hydrogen,2016,TOI-663
TOI-6651,,0.9,Hydrogen,2016,TOI-6651
TOI-669,,0.34,Hydrogen,2016,TOI-669
TOI-672,,0.94,Hydrogen,2016,TOI-672
TOI-674,,0.93,Hydrogen,2016,TOI-674
TOI-677,,0.92,Hydrogen,2016,TOI-677
TOI-700,,0.95,Hydrogen,2016,TOI-700
TOI-712,,0.69,Hydrogen,2014,TOI-712
TOI-715,,0.84,Hydrogen,2016,TOI-715
TOI-733,,0.84,Hydrogen,2016,TOI-733
TOI-757,,1.04,Hydrogen,2016,TOI-757
TOI-762,,0.83,Hydrogen,2016,TOI-762 A
TOI-763,,0.9,Hydrogen,2016,TOI-763
TOI-771,,0.94,Hydrogen,2016,TOI-771
TOI-776,,0.68,Hydrogen,2016,TOI-776
TOI-778,,0.92,Hydrogen,2016,TOI-778
TOI-782,,0.91,Hydrogen,2016,TOI-782
HD 307842,M0 V,0.67,Hydrogen,2014,HD 307842
TOI-813,M0 V,0.54,Hydrogen,2014,TOI-813
TOI-815,M0 V,0.54,Hydrogen,2014,TOI-815
TOI-824,,1.07,Hydrogen,2016,TOI-824
TOI-833,,0.96,Hydrogen,2016,TOI-833
TOI-836,,0.77,Hydrogen,2016,TOI-836
TOI-837,,0.96,Hydrogen,2016,TOI-837
TOI-849,,0.75,Hydrogen,2016,TOI-849
TOI-858,,0.7,Hydrogen,2016,TOI-858 B
TOI-871,,1.14,Hydrogen,2016,TOI-871
TOI-880,,0.77,Hydrogen,2016,TOI-880
TOI-892,,1.01,Hydrogen,2016,TOI-892
TOI-904,,1.21,Hydrogen,2014,TOI-904
TOI-905,,0.72,Hydrogen,2016,TOI-905
TOI-907,,0.85,Hydrogen,2016,TOI-907
TOI-908,,0.53,Hydrogen,2016,TOI-908
TOI-913,,0.88,Hydrogen,2016,TOI-913
TOI-942,,1.43,Hydrogen,2016,TOI-942
TOI-954,,1.03,Hydrogen,2016,TOI-954
TOI-969,,1,Hydrogen,2016,TOI-969
TRAPPIST-1,,1.95,Hydrogen,2016,TRAPPIST-1
TYC 0434-04538-1,,0.86,Hydrogen,2016,TYC 0434-04538-1
TYC 1422-614-1,,1.35,Hydrogen,2016,TYC 1422-614-1
TYC 2187-512-1,,1.18,Hydrogen,2016,TYC 2187-512-1
TYC 3318-01333-1,,1.08,Hydrogen,2016,TYC 3318-01333-1
TYC 3667-1280-1,,0.86,Hydrogen,2016,TYC 3667-1280-1
TYC 4282-00605-1,,0.75,Hydrogen,2016,TYC 4282-00605-1
TYC 8998-760-1,,0.82,Hydrogen,2016,TYC 8998-760-1
Teegarden's Star,F8 V,1.61,Hydrogen,2014,Teegarden's Star
TrES-1,,1.95,Hydrogen,2016,TrES-1
TrES-2,,0.89,Hydrogen,2016,TrES-2
TrES-3,,0.82,Hydrogen,2016,TrES-3
TrES-4,,1.04,Hydrogen,2016,TrES-4
TrES-5,,0.86,Hydrogen,2016,TrES-5
UCAC3 113-933,,1.02,Hydrogen,2016,UCAC3 113-933
UCAC4 328-061594,,0.97,Hydrogen,2016,UCAC4 328-061594
UKIRT-2017-BLG-001L,,0.75,Hydrogen,2016,UKIRT-2017-BLG-001L
USco CTIO 108,,0.81,Hydrogen,2016,USco CTIO 108
USco1556 A,,1.09,Hydrogen,2014,USco1556 A
USco1621 A,,1.09,Hydrogen,2014,USco1621 A
UZ For,,1.14,Hydrogen,2016,UZ For
V0391 Peg,,1.35,Hydrogen,2016,V0391 Peg
V1298 Tau,,1.05,Hydrogen,2016,V1298 Tau
V830 Tau,,0.93,Hydrogen,2016,V830 Tau
VHS J125601.92-125723.9,,1.09,Hydrogen,2016,VHS J125601.92-125723.9
WASP-1,,1.06,Hydrogen,2016,WASP-1
WASP-10,,1.16,Hydrogen,2016,WASP-10
WASP-100,,0.84,Hydrogen,2014,WASP-100
WASP-101,,0.84,Hydrogen,2014,WASP-101
WASP-103,,0.72,Hydrogen,2016,WASP-103
WASP-104,,0.81,Hydrogen,2016,WASP-104
WASP-105,,0.83,Hydrogen,2016,WASP-105
WASP-106,,1.21,Hydrogen,2016,WASP-106
WASP-107,,0.92,Hydrogen,2016,WASP-107
WASP-11,,0.97,Hydrogen,2016,WASP-11
WASP-110,,0.72,Hydrogen,2016,WASP-110
WASP-113,,0.9,Hydrogen,2016,WASP-113
WASP-114,,1.17,Hydrogen,2016,WASP-114
WASP-117,,1.48,Hydrogen,2011,WASP-117
WASP-118,M0 V,0.53,Hydrogen,2014,WASP-118
WASP-119,M0 V,0.53,Hydrogen,2014,WASP-119
WASP-12,,0.7,Hydrogen,2016,WASP-12
WASP-120,,1.24,Hydrogen,2016,WASP-120
WASP-121,,1.04,Hydrogen,2016,WASP-121
WASP-123,,0.61,Hydrogen,2016,WASP-123
WASP-124,,1.03,Hydrogen,2016,WASP-124
WASP-126,,0.81,Hydrogen,2016,WASP-126
WASP-127,,1.06,Hydrogen,2016,WASP-127
WASP-129,,0.76,Hydrogen,2016,WASP-129
WASP-13,,1.38,Hydrogen,2016,WASP-13
WASP-130,,0.7,Hydrogen,2014,WASP-130
WASP-131,,0.7,Hydrogen,2014,WASP-131
WASP-132,,0.92,Hydrogen,2016,WASP-132
WASP-133,,1.21,Hydrogen,2016,WASP-133
WASP-135,,0.8,Hydrogen,2016,WASP-135
WASP-136,,0.93,Hydrogen,2016,WASP-136
WASP-138,,0.98,Hydrogen,2016,WASP-138
WASP-139,,1.08,Hydrogen,2016,WASP-139
WASP-14,,1.1,Hydrogen,2016,WASP-14
WASP-140,,1.94,Hydrogen,2016,WASP-140
WASP-141,,1.22,Hydrogen,2014,WASP-141
WASP-142,,1.22,Hydrogen,2014,WASP-142
WASP-144,,1.22,Hydrogen,2014,WASP-144
WASP-145,,1.22,Hydrogen,2014,WASP-145 A
WASP-147,,0.95,Hydrogen,2014,WASP-147
WASP-148,,0.99,Hydrogen,2016,WASP-148
WASP-15,,0.8,Hydrogen,2016,WASP-15
WASP-150,,0.75,Hydrogen,2016,WASP-150
WASP-151,,1.22,Hydrogen,2016,WASP-151
WASP-153,,1.19,Hydrogen,2016,WASP-153
WASP-156,,1.02,Hydrogen,2016,WASP-156
WASP-157,,0.95,Hydrogen,2016,WASP-157
WASP-158,,0.74,Hydrogen,2016,WASP-158
WASP-159,,0.51,Hydrogen,2016,WASP-159
WASP-16,,1.26,Hydrogen,2014,WASP-16
WASP-160,,1.26,Hydrogen,2014,WASP-160 B
WASP-84,,1.08,Hydrogen,2016,WASP-84
WASP-85,,1,Hydrogen,2016,WASP-85 A
WASP-87,,0.89,Hydrogen,2016,WASP-87
WASP-88,,1.25,Hydrogen,2016,WASP-88
WASP-89,,0.76,Hydrogen,2016,WASP-89
WASP-90,,0.9,Hydrogen,2016,WASP-90
WASP-91,,0.82,Hydrogen,2016,WASP-91
WASP-92,,0.9,Hydrogen,2016,WASP-92
WASP-93,,1.48,Hydrogen,2016,WASP-93
WASP-94,,1.57,Hydrogen,2016,WASP-94 A
WASP-95,,0.64,Hydrogen,2014,WASP-95
WASP-96,,0.64,Hydrogen,2014,WASP-96
WASP-97,,0.96,Hydrogen,2016,WASP-97
WASP-98,,0.8,Hydrogen,2016,WASP-98
WASP-99,,0.74,Hydrogen,2016,WASP-99
WD 0806-661,,0.94,Hydrogen,2016,WD 0806-661
WD 1856+534,,1.77,Hydrogen,2016,WD 1856+534
WISE J033605.05-014350.4,,0.83,Hydrogen,2016,WISE J033605.05-014350.4
WISEP J121756.91+162640.2 A,,0.83,Hydrogen,2016,WISEP J121756.91+162640.2 A
WTS-1,,0.69,Hydrogen,2016,WTS-1
WTS-2,,0.82,Hydrogen,2016,WTS-2
Wendelstein-1,,1.21,Hydrogen,2016,Wendelstein-1
Wendelstein-2,,1.28,Hydrogen,2016,Wendelstein-2
Wolf 1061,M1 V,0.51,Hydrogen,2014,Wolf 1061
Wolf 1069,,0.89,Hydrogen,2016,Wolf 1069
Wolf 327,,1.09,Hydrogen,2016,Wolf 327
Wolf 503,,1.1,Hydrogen,2016,Wolf 503
XO-1,,0.75,Hydrogen,2016,XO-1
XO-2,,0.75,Hydrogen,2016,XO-2 N
XO-3,,1.36,Hydrogen,2016,XO-3
XO-4,,0.87,Hydrogen,2016,XO-4
XO-5,,0.99,Hydrogen,2016,XO-5
XO-6,,0.77,Hydrogen,2016,XO-6
XO-7,,1.36,Hydrogen,2014,XO-7
YSES 2,,1.36,Hydrogen,2014,YSES 2
YZ Cet,,1.36,Hydrogen,2014,YZ Cet
alf Ari,,0.98,Hydrogen,2016,alf Ari
alf Tau,,0.8,Hydrogen,2016,alf Tau
b Cen,,0.98,Hydrogen,2016,b Cen A
bet Cnc,,0.69,Hydrogen,2016,bet Cnc
bet Pic,,0.76,Hydrogen,2016,bet Pic
bet UMi,,1.2,Hydrogen,2016,bet UMi
eps CrB,,1.09,Hydrogen,2016,eps CrB
eps Eri,,1.15,Hydrogen,2016,eps Eri
eps Ind,,1.36,Hydrogen,2014,eps Ind A
eps Tau,,1.36,Hydrogen,2014,eps Tau
gam Cep,,1.36,Hydrogen,2014,gam Cep
gam Lib,,3.38,Hydrogen,2016,gam Lib
gam Psc,,1.09,Hydrogen,2016,gam Psc
gam Leo,,0.91,Hydrogen,2016,gam1 Leo
iot Dra,,2.17,Hydrogen,2016,iot Dra
kap And,,1.21,Hydrogen,2016,kap And
kap CrB,,0.92,Hydrogen,2016,kap CrB
mu Leo,,1.16,Hydrogen,2016,mu Leo
mu2 Sco,,1.33,Hydrogen,2016,mu2 Sco
nu Oct,,1.66,Hydrogen,2013,nu Oct A
nu Oph,,1.66,Hydrogen,2013,nu Oph
ome Ser,,0.83,Hydrogen,2016,ome Ser
omi CrB,,0.89,Hydrogen,2016,omi CrB
omi UMa,,1.25,Hydrogen,2016,omi UMa
HD 39091,,0.79,Hydrogen,2016,HD 39091
psi1 Dra,,0.98,Hydrogen,2016,psi1 Dra B
rho CrB,,0.94,Hydrogen,2016,rho CrB
tau Boo,G4 V,1.65,Hydrogen,2014,tau Boo
tau Cet,G4 V,1.65,Hydrogen,2014,tau Cet
tau Gem,,1.28,Hydrogen,2016,tau Gem
ups And,,0.97,Hydrogen,2016,ups And
ups Leo,,0.99,Hydrogen,2016,ups Leo
xi Aql,,2,Hydrogen,2016,xi Aql
